[AS-IS] L3,[AS-IS] L4,[AS-IS] L5,[AS-IS] L6,[TO-BE] L3,[TO-BE] L4,[TO-BE] L5,[TO-BE] L6,주체,전략 사유,분해유형,L5_유형,L6_순번
채용,채용계획,채용 계획 수립(경영계획),전체 채용규모 산정,채용,채용계획,채용 계획 수립,부서별 채용 수요조사 취합,DW,수요조사 양식 자동 집계,통폐합,T01,1
채용,채용계획,채용 계획 수립(경영계획),팀별 채용규모 확인,채용,채용계획,채용 계획 수립,부서별 채용 수요조사 취합,DW,수요조사 양식 자동 집계,통폐합,T01,1
채용,채용계획,채용 계획 수립(경영계획),충원 필요성 검토,채용,채용계획,채용 계획 수립,부서별 채용 수요조사 취합,DW,수요조사 양식 자동 집계,통폐합,T01,1
채용,채용계획,채용 계획 수립(경영계획),사업부 채용규모 확정,채용,채용계획,채용 계획 수립,전사 채용규모 확정,HR,전사 채용규모 최종 책임 HR,1:1,T01,2
채용,채용계획,직무기술서 작성,직무기술서 작성 요청,채용,채용계획,직무기술서 작성,직무기술서 작성 요청 발송,DW,현업 대상 양식 자동 발송,1:1,T01,1
채용,인재발굴,인재 소싱 채널 선정 및 액팅,발굴 기준 확정,채용,인재발굴,인재 소싱 채널 선정 및 액팅,인재 발굴 기준안 확정,HR,발굴 기준·채널 선정 HR 판단 영역,통폐합,T07,1
채용,인재발굴,인재 소싱 채널 선정 및 액팅,소싱 채널 선정,채용,인재발굴,인재 소싱 채널 선정 및 액팅,인재 발굴 기준안 확정,HR,발굴 기준·채널 선정 HR 판단 영역,통폐합,T07,1
채용,인재발굴,인재 소싱 채널 선정 및 액팅,후보자 발굴,채용,인재발굴,인재 소싱 채널 선정 및 액팅,채널별 후보자 명단 취합,DW,채널별 자동 수집·집계,1:1,T07,2
채용,인재발굴,인재 소싱 채널 선정 및 액팅,후보자 풀 구축,채용,인재발굴,인재 소싱 채널 선정 및 액팅,후보자 풀 등록,DW,시스템 후보자 DB 입력,1:1,T07,3
채용,선발전형,서류심사,HR 서류 검토 진행,채용,선발전형,서류심사,지원자 서류 명단 추출,DW,시스템 지원자 리스트 자동 추출,1:2,T02,1
채용,선발전형,서류심사,HR 서류 검토 진행,채용,선발전형,서류심사,서류 합격자 명단 확정,HR,HR·현업 종합 판단으로 합격자 확정,1:2,T02,2
채용,선발전형,서류심사,진행의사 확인,채용,선발전형,서류심사,서류 합격자 명단 확정,HR,현업 진행의사 포함 HR 최종 확정,통폐합,T02,2
채용,선발전형,서류심사,현업 서류 검토 진행,채용,선발전형,서류심사,서류 합격자 명단 확정,HR,현업 검토 결과 HR 최종 확정,통폐합,T02,2
채용,선발전형,서류심사,서류 검토 결과안내,채용,선발전형,서류심사,서류 전형 결과 안내문 발송,DW,합불 결과 자동 발송,1:1,T02,3
채용,선발전형,자격 검증(GSAT 코딩 테스트 등),검정 대상자 선정,채용,선발전형,자격 검증(GSAT 코딩 테스트 등),검정 대상자 명단 추출,DW,전형 통과자 시스템 자동 추출,1:2,T02,1
채용,선발전형,자격 검증(GSAT 코딩 테스트 등),검정 대상자 선정,채용,선발전형,자격 검증(GSAT 코딩 테스트 등),검정 대상자 명단 확정,HR,예외자·특이사항 HR 최종 확정,1:2,T02,2
채용,선발전형,자격 검증(GSAT 코딩 테스트 등),검정 일정/장소 확정,채용,선발전형,자격 검증(GSAT 코딩 테스트 등),검정 일정·장소 확정,HR,운영 일정·장소 HR 책임 확정,1:1,T02,3
채용,선발전형,자격 검증(GSAT 코딩 테스트 등),검정 운영 위원 선발/교육,채용,선발전형,자격 검증(GSAT 코딩 테스트 등),검정 운영위원 명단 확정,HR,위원 선발·교육 HR 판단,1:1,T02,4
채용,선발전형,자격 검증(GSAT 코딩 테스트 등),검정 준비,채용,선발전형,자격 검증(GSAT 코딩 테스트 등),검정 장소 세팅 실시,SSC,물리적 장소 준비 — 교육·면접 장소세팅과 횡단 묶음 예정,1:1,T02,5
채용,선발전형,자격 검증(GSAT 코딩 테스트 등),검정 운영,채용,선발전형,자격 검증(GSAT 코딩 테스트 등),검정 결과표 취합,DW,검정 채점 결과 자동 취합,통폐합,T02,6
채용,선발전형,자격 검증(GSAT 코딩 테스트 등),검정 후속처리,채용,선발전형,자격 검증(GSAT 코딩 테스트 등),검정 결과표 취합,DW,검정 채점 결과 자동 취합,통폐합,T02,6
채용,선발전형,자격 검증(GSAT 코딩 테스트 등),검정 후속처리,채용,선발전형,자격 검증(GSAT 코딩 테스트 등),검정 합격자 명단 확정,HR,최종 합격 기준 HR 판단 적용,1:2,T02,7
채용,선발전형,면접,면접위원 선발/교육,채용,선발전형,면접,면접위원 명단 확정,HR,위원 선발·교육 결과 HR 확정,1:1,T02,1
채용,선발전형,면접,면접일정 조율,채용,선발전형,면접,면접 일정 확정,HR,면접관·후보자 일정 조율 HR 담당,1:1,T02,2
채용,선발전형,면접,면접운영 준비,채용,선발전형,면접,면접 장소 세팅 실시,SSC,물리적 장소 준비 — 검정·교육 장소세팅과 횡단 묶음 예정,1:1,T02,3
채용,선발전형,면접,면접 운영,채용,선발전형,면접,면접 평가 결과 취합,DW,평가 결과지 디지털 취합,1:1,T02,4
채용,선발전형,면접,면접 후속처리,채용,선발전형,면접,면접 합격자 명단 확정,HR,종합 평가 결과 HR 최종 확정,1:2,T02,5
채용,선발전형,면접,면접 후속처리,채용,선발전형,면접,면접 전형 결과 안내문 발송,DW,합불 결과 자동 발송,1:2,T02,6
채용,선발전형,채용 및 처우 승인,중복확인,채용,선발전형,채용 및 처우 승인,채용 후보자 중복 여부 추출,DW,시스템 중복 자동 체크,1:1,T06,1
채용,선발전형,채용 및 처우 승인,후보자 종합 검증,채용,선발전형,채용 및 처우 승인,후보자 검증 결과 취합,HR,레퍼런스·평판조회 HR 수행,1:1,T06,2
채용,선발전형,채용 및 처우 승인,채용 승인,채용,선발전형,채용 및 처우 승인,채용 품의 승인,HR,결재권자 공식 사인 필요,통폐합,T06,3
채용,선발전형,채용 및 처우 승인,채용 품의 진행,채용,선발전형,채용 및 처우 승인,채용 품의 승인,HR,결재권자 공식 사인 필요,통폐합,T06,3
채용,선발전형,채용 및 처우 승인,처우 협의/승인,채용,선발전형,채용 및 처우 승인,처우 협의 결과 확정,HR,대면 협의 처우 조건 확정,1:1,T06,4
채용,선발전형,채용 및 처우 승인,건강검진,채용,선발전형,채용 및 처우 승인,건강검진 안내문 발송,DW,입사 예정자 건강검진 일정 자동 발송,1:1,T06,5
채용,선발전형,채용 및 처우 승인,오퍼 확보,채용,선발전형,채용 및 처우 승인,오퍼레터 발송,DW,입사 확인 오퍼 자동 발송,1:1,T06,6
채용,채용 후속조치,선확보 인력 관리,선확보 인력 등록,채용,채용 후속조치,선확보 인력 관리,선확보 인력 명단 등록,DW,시스템 등록,1:1,T06,1
채용,채용 후속조치,선확보 인력 관리,활동 지원/평가,채용,채용 후속조치,선확보 인력 관리,선확보 인력 활동 평가 결과 취합,HR,활동 지원·평가 HR 수행,1:1,T06,2
채용,채용 후속조치,선확보 인력 관리,지원금 지급,채용,채용 후속조치,선확보 인력 관리,선확보 지원금 지급 명단 확정,HR,지급 대상·금액 HR 확정,1:1,T06,3
채용,채용 후속조치,선확보 인력 관리,리텐션 진행,채용,채용 후속조치,선확보 인력 관리,선확보 인력 리텐션 방안 확정,HR,이탈 방지 방안 HR 판단,1:1,T06,4
채용,채용 후속조치,입사 및 온보딩,입사절차 안내(입사자),채용,채용 후속조치,입사 및 온보딩,입사절차 안내문 발송,DW,입사 전 절차 자동 발송,1:1,T06,1
채용,채용 후속조치,입사 및 온보딩,입사발령(Workday),채용,채용 후속조치,입사 및 온보딩,입사발령 등록,DW,Workday 입사발령 등록,1:1,T06,2
채용,채용 후속조치,입사 및 온보딩,입사 전 준비,채용,채용 후속조치,입사 및 온보딩,웰컴키트 발송,SSC,물리적 웰컴키트 준비·발송 — SSC 횡단 묶음 예정,1:1,T06,3
채용,채용 후속조치,입사 및 온보딩,입사 전 O/T 진행,채용,채용 후속조치,입사 및 온보딩,입사 오리엔테이션 참석자 명단 취합,DW,오리엔테이션 참석 확인 자동 취합,1:1,T06,4
채용,채용 후속조치,입사 및 온보딩,입문교육 진행,채용,채용 후속조치,입사 및 온보딩,입문교육 일정 확정,HR,입문교육 커리큘럼·일정 HR 확정,1:1,T06,5
채용,채용 후속조치,입사 및 온보딩,멘토링/면담 진행,채용,채용 후속조치,입사 및 온보딩,멘토링 면담 결과 취합,HR,멘토링 면담 HR 실시·결과 취합,1:1,T06,6
채용,채용 후속조치,입사 및 온보딩,비용 지급/관리,채용,채용 후속조치,입사 및 온보딩,온보딩 비용 지급 명단 확정,HR,지급 대상·금액 확정,1:1,T06,7
인력운영,인력이동,사내 Job Posting,사업부문(부서별) J/P 부서 수요 취합,인력운영,인력이동,사내 Job Posting,부서별 J/P 포스트 수요조사 취합,DW,부서 수요 양식 자동 집계,1:1,T07,1
인력운영,인력이동,사내 Job Posting,J/P 운영 타당성 검토,인력운영,인력이동,사내 Job Posting,J/P 포스트 확정,HR,타당성 검토 후 포스트 HR 확정,통폐합,T07,2
인력운영,인력이동,사내 Job Posting,Post 확정 후 J/P 실시,인력운영,인력이동,사내 Job Posting,J/P 포스트 확정,HR,타당성 검토 후 포스트 HR 확정,통폐합,T07,2
인력운영,인력이동,사내 Job Posting,지원자 지원 자격 검토,인력운영,인력이동,사내 Job Posting,지원자 자격 적합 명단 추출,DW,지원자격 조건 자동 필터링,1:1,T07,3
인력운영,인력이동,사내 Job Posting,지원서 평가,인력운영,인력이동,사내 Job Posting,면접 대상자 명단 확정,HR,서류 평가 후 면접 대상자 HR 확정,통폐합,T07,4
인력운영,인력이동,사내 Job Posting,지원서 평가결과 검토 후 면접 대상자 확정,인력운영,인력이동,사내 Job Posting,면접 대상자 명단 확정,HR,서류 평가 후 면접 대상자 HR 확정,통폐합,T07,4
인력운영,인력이동,사내 Job Posting,서류 합불 통보,인력운영,인력이동,사내 Job Posting,서류 전형 결과 안내문 발송,DW,합불 결과 자동 발송,1:1,T07,5
인력운영,인력이동,사내 Job Posting,면접 진행 및 평가,인력운영,인력이동,사내 Job Posting,면접 평가 결과 취합,DW,면접관 평가 결과지 디지털 취합,통폐합,T07,6
인력운영,인력이동,사내 Job Posting,면접평가 결과 검토,인력운영,인력이동,사내 Job Posting,면접 합격자 명단 확정,HR,평가 결과 종합 후 HR 최종 확정,통폐합,T07,7
인력운영,인력이동,사내 Job Posting,사업부간/부서간 인력 적정성 검토,인력운영,인력이동,사내 Job Posting,인력 이동 적정성 검토 결과 확정,HR,사업부간 균형 HR 최종 판단,1:1,T07,8
인력운영,인력이동,사내 Job Posting,면접 합불 통보,인력운영,인력이동,사내 Job Posting,면접 전형 결과 안내문 발송,DW,합불 결과 자동 발송,1:1,T07,9
인력운영,인력이동,사내 Job Posting,전배발령,인력운영,인력이동,사내 Job Posting,전배 발령 등록,DW,Workday 전배 발령 등록,1:1,T07,10
인력운영,인력이동,사내 Job Posting,실이동 관리,인력운영,인력이동,사내 Job Posting,실이동 일정 확정,HR,부서 협의 후 실이동 일정 HR 확정,1:1,T07,11
인력운영,인력이동,개별 전배,충원 요청,인력운영,인력이동,개별 전배,충원 요청 접수,DW,시스템 충원 요청 자동 접수,1:1,T06,1
인력운영,인력이동,개별 전배,충원 타당성 검토,인력운영,인력이동,개별 전배,충원 타당성 검토 결과 확정,HR,충원 필요성 HR 판단,1:1,T06,2
인력운영,인력이동,개별 전배,적합 인력 서칭 및 Pool 구축,인력운영,인력이동,개별 전배,적합 인력 후보군 명단 취합,DW,사내 인력 풀 DB 조회·취합,1:1,T06,3
인력운영,인력이동,개별 전배,타겟 인력 할애 요청,인력운영,인력이동,개별 전배,할애 요청 발송,DW,사업부 대상 할애 요청 자동 발송,1:1,T06,4
인력운영,인력이동,개별 전배,할애 가능 여부 검토,인력운영,인력이동,개별 전배,할애 가능 여부 결과 확정,HR,사업부 협의 결과 HR 최종 확정,1:1,T06,5
인력운영,인력이동,개별 전배,전배 발령,인력운영,인력이동,개별 전배,전배 발령 등록,DW,Workday 전배 발령 등록,1:1,T06,6
인력운영,인력이동,전입,전입(or 신입) 규모 확인,인력운영,인력이동,전입,전입 인력 규모 추출,DW,시스템 전입 예정 인력 자동 추출,1:1,T06,1
인력운영,인력이동,전입,배치 부서 확인,인력운영,인력이동,전입,배치 부서 배정안 확정,HR,부서 수용 여건 검토 후 HR 확정,1:1,T06,2
인력운영,인력이동,전입,배치 안내,인력운영,인력이동,전입,배치 부서 안내문 발송,DW,배치 결과 자동 발송,1:1,T06,3
인력운영,인력이동,전입,온보딩 관리,인력운영,인력이동,전입,온보딩 일정 확정,HR,전입자 온보딩 커리큘럼 HR 확정,1:1,T06,4
인력운영,휴복직,휴직,휴직 신청,인력운영,휴복직,휴직,휴직 신청 접수,DW,시스템 휴직 신청 자동 접수,1:1,T06,1
인력운영,휴복직,휴직,휴직 면담,인력운영,휴복직,휴직,휴직 면담 결과 취합,HR,면담 후 귀환 계획·상황 취합,1:1,T06,2
인력운영,휴복직,휴직,휴직 적정성 및 일정 서류 검토,인력운영,휴복직,휴직,휴직 적정성 검토 결과 확정,HR,법적 요건·사유 HR 판단,1:1,T06,3
인력운영,휴복직,휴직,휴직원 작성 및 신청,인력운영,휴복직,휴직,휴직원 등록,DW,시스템 휴직원 등록,1:1,T06,4
인력운영,휴복직,휴직,휴직 행정사항 안내,인력운영,휴복직,휴직,휴직 행정사항 안내문 발송,DW,휴직 시 행정사항 자동 발송,1:1,T06,5
인력운영,휴복직,휴직,휴직 연장 신청,인력운영,휴복직,휴직,휴직 연장 신청 접수,DW,연장 신청 자동 접수,1:1,T06,6
인력운영,휴복직,복직,복직 안내(한달전 일주일전),인력운영,휴복직,복직,복직 안내문 발송,DW,복직 D-30·D-7 자동 발송,1:1,T06,1
인력운영,휴복직,복직,복직원 작성 및 신청,인력운영,휴복직,복직,복직원 등록,DW,시스템 복직원 등록,1:1,T06,2
인력운영,휴복직,복직,출근 및 행정사항 처리,인력운영,휴복직,복직,복직 행정사항 처리 확정,HR,복직 시 행정사항 HR 확인,1:1,T06,3
인력운영,휴복직,복직,부서장 전결 메모결재 진행,인력운영,휴복직,복직,복직 메모결재 승인,HR,부서장 전결 공식 사인,1:1,T06,4
인력운영,휴복직,복직,연장 휴직원 작성 안내,인력운영,휴복직,복직,연장 휴직 신청 안내문 발송,DW,연장 휴직 신청 방법 자동 안내,1:1,T06,5
인력운영,휴복직,복직,휴직 발령 수정,인력운영,휴복직,복직,휴직 발령 수정 등록,DW,Workday 발령 수정 등록,1:1,T06,6
인력운영,퇴직,퇴직,퇴직 면담 요청,인력운영,퇴직,퇴직,퇴직 면담 일정 안내문 발송,DW,면담 일정 자동 안내,1:1,T06,1
인력운영,퇴직,퇴직,부서장/인사 퇴직면담,인력운영,퇴직,퇴직,퇴직 면담 결과 취합,HR,퇴직 사유·귀환 가능성 면담 HR 수행,1:1,T06,2
인력운영,퇴직,퇴직,핵심인력 여부 수혜금액 확인 및 변제요청,인력운영,퇴직,퇴직,수혜금액 변제 요청 발송,DW,핵심인력 수혜금 변제 요청 자동 발송,1:1,T06,3
인력운영,퇴직,퇴직,퇴직원 작성,인력운영,퇴직,퇴직,퇴직원 등록,DW,시스템 퇴직원 등록,1:1,T06,4
인력운영,퇴직,퇴직,퇴직 행정사항 안내,인력운영,퇴직,퇴직,퇴직 행정사항 안내문 발송,DW,퇴직 시 행정사항 자동 발송,1:1,T06,5
인력운영,퇴직,퇴직,퇴직자 사후 모니터링,인력운영,퇴직,퇴직,퇴직자 사후 모니터링 결과 취합,HR,이탈 원인 파악 HR 수행,1:1,T06,6
인력운영,퇴직,리텐션,우수인력 관리,인력운영,퇴직,리텐션,우수인력 이탈 위험도 추출,DW,시스템 퇴직 예측 지표 추출,1:1,T01,1
인력운영,퇴직,리텐션,퇴직 사유 관리,인력운영,퇴직,리텐션,퇴직 사유 분석 결과 취합,HR,퇴직 패턴 분석 HR 수행,1:1,T01,2
인력운영,퇴직,리텐션,유형별 맞춤형 리텐션 방안 수립,인력운영,퇴직,리텐션,유형별 리텐션 방안 확정,HR,대상 유형별 방안 HR 판단,1:1,T01,3
인력운영,퇴직,리텐션,로테이션 파견 프로그램 제도 신설,인력운영,퇴직,리텐션,로테이션·파견 제도 신설안 확정,HR,제도 신설 HR 기획·확정,1:1,T01,4
인력운영,인력 활용,리스킬링,리스킬링 타겟 부서/업무/대상 선정,인력운영,인력 활용,리스킬링,리스킬링 대상자 명단 확정,HR,타겟 부서·직무·대상자 HR 확정,1:1,T06,1
인력운영,인력 활용,리스킬링,대상자 인사/부서장 면담,인력운영,인력 활용,리스킬링,리스킬링 면담 결과 취합,HR,대상자 면담 HR 수행,1:1,T06,2
인력운영,인력 활용,리스킬링,발령 및 실이동,인력운영,인력 활용,리스킬링,리스킬링 발령 등록,DW,Workday 전배 발령 등록,1:1,T06,3
인력운영,인력 활용,리스킬링,온보딩 관리,인력운영,인력 활용,리스킬링,리스킬링 온보딩 일정 확정,HR,리스킬링 대상자 온보딩 HR 확정,1:1,T06,4
인력운영,인력 활용,시니어,시니어 활용 방안 수립,인력운영,인력 활용,시니어,시니어 활용 방안 확정,HR,시니어 트랙 운영 방안 HR 확정,1:1,T06,1
인력운영,인력 활용,시니어,정년후 재고용(시니어트랙) 후보군 성과 관리,인력운영,인력 활용,시니어,시니어 후보군 성과 이력 추출,DW,Workday 성과 이력 자동 추출,1:1,T06,2
인력운영,인력 활용,시니어,정년후 재고용(시니어트랙) 선발,인력운영,인력 활용,시니어,재고용 대상자 명단 확정,HR,재고용 기준 적용 HR 최종 확정,1:1,T06,3
인력운영,인력 활용,사업특화 제도,사업특화 현황 분석,인력운영,인력 활용,사업특화 제도,사업특화 인력 현황 추출,DW,사업부별 인력 현황 자동 추출,1:1,T01,1
인력운영,인력 활용,사업특화 제도,사업특화 제도/팀 신설,인력운영,인력 활용,사업특화 제도,사업특화 제도 신설안 확정,HR,제도 신설 기준 HR 확정,1:1,T01,2
인력운영,인력 활용,사업특화 제도,사업특화 제도/팀 운영,인력운영,인력 활용,사업특화 제도,사업특화 운영 결과 취합,HR,운영 현황 취합 HR 수행,1:1,T01,3
인력운영,인력계획,인력 계획,조직도 및 기초정보 세팅,인력운영,인력계획,인력 계획,조직도 기초정보 등록,DW,Workday 조직도 기초데이터 등록,1:1,T01,1
인력운영,인력계획,인력 계획,인력계획 기준 수립/공지,인력운영,인력계획,인력 계획,인력계획 기준안 확정,HR,인력계획 기준 HR 확정,1:2,T01,2
인력운영,인력계획,인력 계획,인력계획 기준 수립/공지,인력운영,인력계획,인력 계획,인력계획 기준 공지 발송,DW,사업부 대상 기준 자동 공지,1:2,T01,3
인력운영,인력계획,인력 계획,사업부별 기준 공지/인력계획 요청,인력운영,인력계획,인력 계획,사업부별 인력계획 요청 발송,DW,사업부 대상 계획 요청 자동 발송,1:1,T01,4
인력운영,인력계획,인력 계획,사업부별 인력계획 수립,인력운영,인력계획,인력 계획,사업부별 인력계획 취합,DW,사업부 제출 계획 자동 집계,통폐합,T01,5
인력운영,인력계획,인력 계획,수급별 인력계획 작성,인력운영,인력계획,인력 계획,사업부별 인력계획 취합,DW,사업부 제출 계획 자동 집계,통폐합,T01,5
인력운영,인력계획,인력 계획,인력 계획 보고,인력운영,인력계획,인력 계획,인력계획 보고서 확정,HR,경영진 보고용 인력계획 HR 확정,1:1,T01,6
인력운영,인력계획,인력 계획,인력 계획 입력,인력운영,인력계획,인력 계획,인력계획 시스템 등록,DW,Workday 인력계획 등록,1:1,T01,7
인력운영,인력계획,인력 계획,인력 계획 취합/조정,인력운영,인력계획,인력 계획,인력계획 조정안 확정,HR,사업부 계획 조정 HR 확정,1:1,T01,8
인력운영,인력계획,인력 계획,인력계획 검토 및 보고/승인,인력운영,인력계획,인력 계획,인력계획 최종 승인,HR,결재권자 인력계획 공식 승인,1:1,T01,9
인력운영,인력계획,인력 계획,인력계획 내역 사업부 공지,인력운영,인력계획,인력 계획,인력계획 공지 발송,DW,확정 인력계획 사업부 자동 공지,1:1,T01,10
인력운영,인력계획,인력 계획,인력계획 입력 내역 확인,인력운영,인력계획,인력 계획,(제거),Eliminate,대시보드로 실시간 확인 가능 — 수기 확인 절차 불필요,Eliminate,T01,11
인력운영,인력계획,수정경영계획,(데이터 없음),인력운영,인력계획,수정경영계획,수정경영계획 인력 변동 취합,DW,사업부별 수정 경영계획 변동사항 자동 취합,L5→L6,T01,1
인력운영,인력계획,수정경영계획,(데이터 없음),인력운영,인력계획,수정경영계획,수정 인력계획 확정,HR,수정 경영계획 반영 인력계획 HR 최종 확정,L5→L6,T01,2
인력운영,인력정보,제증명 관리,재직자 퇴직자 제증명 발급 요청,인력운영,인력정보,제증명 관리,제증명 발급 신청 접수,DW,시스템 제증명 신청 자동 접수,1:1,T08,1
인력운영,인력정보,제증명 관리,예외 내용 검토,인력운영,인력정보,제증명 관리,제증명 발급 예외 검토 결과 확정,HR,예외 케이스 HR 판단,1:1,T08,2
인력운영,인력정보,제증명 관리,내용 수정 및 발급 승인,인력운영,인력정보,제증명 관리,제증명 발급 승인,HR,최종 내용 확인 후 발급 승인,1:1,T08,3
인력운영,인력정보,인력 DB 관리,월마감 인력 관리,인력운영,인력정보,인력 DB 관리,월마감 인력 현황 추출,DW,Workday 월마감 인력 현황 자동 추출,1:1,T09,1
인력운영,인력정보,인력 DB 관리,지표 관리,인력운영,인력정보,인력 DB 관리,인력 지표 현황 추출,DW,지표 데이터 자동 추출,통폐합,T09,2
인력운영,인력정보,인력 DB 관리,지표집 작성,인력운영,인력정보,인력 DB 관리,인력 지표집 확정,HR,지표집 내용 검토 후 HR 확정,통폐합,T09,3
인력운영,인력정보,인력 DB 관리,지표요청 대응,인력운영,인력정보,인력 DB 관리,지표 요청 응답 자료 발송,DW,요청 대상 지표 자동 발송,1:1,T09,4
인력운영,인력정보,인력 DB 관리,업무분장도 관리,인력운영,인력정보,인력 DB 관리,업무분장도 업데이트 확정,HR,부서별 업무분장 변경 HR 확정,1:1,T09,5
인력운영,인력정보,인사발령,정기 인사 발령 대상자 취합,인력운영,인력정보,인사발령,정기 인사발령 대상자 명단 취합,DW,Workday 발령 대상자 자동 취합,1:1,T06,1
인력운영,인력정보,인사발령,인사 발령 보고/승인,인력운영,인력정보,인사발령,인사발령 승인,HR,결재권자 인사발령 공식 승인,1:1,T06,2
인력운영,인력정보,인사발령,인사발령 내역 사업부/부서 공지,인력운영,인력정보,인사발령,인사발령 공지 발송,DW,확정 발령 내역 자동 공지,1:1,T06,3
인력운영,인력정보,인력 현황 분석,부서별 C/I/연령 등 인력 분포 관리,인력운영,인력정보,인력 현황 분석,부서별 인력 분포 현황 추출,DW,Workday 인력 분포 자동 추출,1:2,T09,1
인력운영,인력정보,인력 현황 분석,부서별 C/I/연령 등 인력 분포 관리,인력운영,인력정보,인력 현황 분석,인력 분포 분석 보고서 확정,HR,분포 현황 분석 보고서 HR 확정,1:2,T09,2
인력운영,인력정보,인력 현황 분석,업무 불균형 잔특근 과다 조직 관리,인력운영,인력정보,인력 현황 분석,잔특근 과다 조직 명단 추출,DW,잔특근 시간 조건 자동 필터링,1:2,T09,3
인력운영,인력정보,인력 현황 분석,업무 불균형 잔특근 과다 조직 관리,인력운영,인력정보,인력 현황 분석,업무 불균형 조치안 확정,HR,불균형 해소 방안 HR 확정,1:2,T09,4
인력운영,인력정보,사원정보 관리,신상정보 본인 수정,인력운영,인력정보,사원정보 관리,사원 신상정보 수정 접수,DW,시스템 신상정보 수정 자동 접수,1:1,T08,1
인력운영,인력정보,사원정보 관리,변경정보 승인요청/증빙서류 제출,인력운영,인력정보,사원정보 관리,정보 변경 증빙서류 취합,DW,증빙서류 디지털 수령,1:1,T08,2
인력운영,인력정보,사원정보 관리,요청사항 검토/승인,인력운영,인력정보,사원정보 관리,사원정보 변경 승인,HR,변경 내용 확인 후 HR 승인,1:1,T08,3
인력운영,비정규/계약직 인력 관리,파견직 관리,파견직 Post 운영 검토,인력운영,비정규/계약직 인력 관리,파견직 관리,파견직 포스트 운영 방안 확정,HR,포스트 필요성·기준 HR 확정,1:1,T06,1
인력운영,비정규/계약직 인력 관리,파견직 관리,파견직 선발,인력운영,비정규/계약직 인력 관리,파견직 관리,파견직 선발 결과 확정,HR,선발 기준 적용 HR 확정,1:1,T06,2
인력운영,비정규/계약직 인력 관리,파견직 관리,파견직 근무 환경 만족도 관리,인력운영,비정규/계약직 인력 관리,파견직 관리,파견직 근무환경 만족도 조사 취합,DW,설문 결과 자동 취합,1:1,T06,3
인력운영,비정규/계약직 인력 관리,파견직 관리,파견직 업무분장 관리,인력운영,비정규/계약직 인력 관리,파견직 관리,파견직 업무분장 확정,HR,부서·파견직 협의 후 HR 확정,1:1,T06,4
인력운영,비정규/계약직 인력 관리,시간선택제 관리,시간선택제 운영 가이드 수립,인력운영,비정규/계약직 인력 관리,시간선택제 관리,시간선택제 운영 가이드 확정,HR,운영 기준 HR 확정,1:1,T01,1
인력운영,비정규/계약직 인력 관리,시간선택제 관리,시간선택제 근무 관리,인력운영,비정규/계약직 인력 관리,시간선택제 관리,시간선택제 근무 현황 추출,DW,시간선택제 근태 자동 추출,1:1,T01,2
인력운영,비정규/계약직 인력 관리,예비군 관리,예비군 운영 가이드 수립,인력운영,비정규/계약직 인력 관리,예비군 관리,예비군 운영 가이드 확정,HR,예비군 훈련 운영 기준 HR 확정,1:1,T01,1
인력운영,비정규/계약직 인력 관리,예비군 관리,예비군 근무 관리,인력운영,비정규/계약직 인력 관리,예비군 관리,예비군 훈련 대상자 명단 추출,DW,예비군 훈련 일정 기준 자동 추출,1:1,T01,2
인력운영,비정규/계약직 인력 관리,촉탁계약직 관리,촉탁 계약직 운영 가이드 수립,인력운영,비정규/계약직 인력 관리,촉탁계약직 관리,촉탁계약직 운영 가이드 확정,HR,촉탁 운영 기준 HR 확정,1:1,T01,1
인력운영,비정규/계약직 인력 관리,촉탁계약직 관리,촉탁 계약직 근무 관리,인력운영,비정규/계약직 인력 관리,촉탁계약직 관리,촉탁계약직 근무 현황 추출,DW,촉탁계약직 근태 자동 추출,1:1,T01,2
제도,그라운드룰&업무목표&수시피드백,가이드 수립/배포 및 시스템 준비,연간 성과관리 가이드 수립,제도,그라운드룰&업무목표&수시피드백,가이드 수립/배포 및 시스템 준비,연간 성과관리 가이드 확정,HR,성과관리 운영 기조 HR 확정,1:1,T01,1
제도,그라운드룰&업무목표&수시피드백,가이드 수립/배포 및 시스템 준비,임직원 가이드 작성/배포,제도,그라운드룰&업무목표&수시피드백,가이드 수립/배포 및 시스템 준비,임직원 성과관리 가이드 배포,DW,임직원 대상 가이드 자동 배포,1:1,T01,2
제도,그라운드룰&업무목표&수시피드백,가이드 수립/배포 및 시스템 준비,그라운드룰 시스템 셋팅,제도,그라운드룰&업무목표&수시피드백,가이드 수립/배포 및 시스템 준비,성과관리 시스템 셋팅 등록,DW,그라운드룰·업무목표 시스템 셋팅 등록,통폐합,T01,3
제도,그라운드룰&업무목표&수시피드백,가이드 수립/배포 및 시스템 준비,업무목표 시스템 셋팅,제도,그라운드룰&업무목표&수시피드백,가이드 수립/배포 및 시스템 준비,성과관리 시스템 셋팅 등록,DW,그라운드룰·업무목표 시스템 셋팅 등록,통폐합,T01,3
제도,그라운드룰&업무목표&수시피드백,대상자 확정/변경,예외자 및 기타 사유 점검,제도,그라운드룰&업무목표&수시피드백,대상자 확정/변경,성과관리 대상자 명단 추출,DW,예외자 포함 대상자 전체 시스템 추출,1:1,T08,1
제도,그라운드룰&업무목표&수시피드백,대상자 확정/변경,대상자 점검/확정,제도,그라운드룰&업무목표&수시피드백,대상자 확정/변경,성과관리 대상자 명단 확정,HR,예외 사유 검토 후 HR 최종 확정,1:1,T08,2
제도,그라운드룰&업무목표&수시피드백,승인자/부서장 매핑 확정/변경,팀장급 수신대상자 정비,제도,그라운드룰&업무목표&수시피드백,승인자/부서장 매핑 확정/변경,승인자·부서장 매핑 명단 추출,DW,승인자 매핑 현황 시스템 추출,1:1,T08,1
제도,그라운드룰&업무목표&수시피드백,승인자/부서장 매핑 확정/변경,HRBP 인사 컨택포인트에 가이드 병행,제도,그라운드룰&업무목표&수시피드백,승인자/부서장 매핑 확정/변경,승인자·부서장 매핑 확정,HR,HRBP 컨택포인트 포함 매핑 HR 확정,1:1,T08,2
제도,그라운드룰&업무목표&수시피드백,운영 및 임직원 소통,그라운드룰 수립 부서장 안내,제도,그라운드룰&업무목표&수시피드백,운영 및 임직원 소통,그라운드룰 수립 안내문 발송,DW,부서장 대상 그라운드룰 수립 안내 자동 발송,1:1,T08,1
제도,그라운드룰&업무목표&수시피드백,운영 및 임직원 소통,부서장 그라운드룰 수립 독려,제도,그라운드룰&업무목표&수시피드백,운영 및 임직원 소통,그라운드룰 미수립 부서장 독려 발송,DW,미수립 부서장 자동 추출 후 독려 발송,1:1,T08,2
제도,그라운드룰&업무목표&수시피드백,운영 및 임직원 소통,업무목표 수립 안내,제도,그라운드룰&업무목표&수시피드백,운영 및 임직원 소통,업무목표 수립 안내문 발송,DW,임직원 대상 업무목표 수립 안내 자동 발송,1:1,T08,3
제도,그라운드룰&업무목표&수시피드백,운영 및 임직원 소통,업무목표 리마인더 안내,제도,그라운드룰&업무목표&수시피드백,운영 및 임직원 소통,업무목표 리마인더 발송,DW,마감 전 리마인더 자동 발송,1:1,T08,4
제도,그라운드룰&업무목표&수시피드백,운영 및 임직원 소통,부서장 공유세션 공지,제도,그라운드룰&업무목표&수시피드백,운영 및 임직원 소통,부서장 공유세션 공지 발송,DW,공유세션 일정 자동 공지,1:1,T08,5
제도,그라운드룰&업무목표&수시피드백,운영 및 임직원 소통,수시피드백 부서장/부서원 메일링,제도,그라운드룰&업무목표&수시피드백,운영 및 임직원 소통,수시피드백 안내 메일 발송,DW,부서장·부서원 수시피드백 안내 자동 발송,1:1,T08,6
제도,그라운드룰&업무목표&수시피드백,운영 및 임직원 소통,수시피드백 진행 독려 안내,제도,그라운드룰&업무목표&수시피드백,운영 및 임직원 소통,수시피드백 미완료 독려 발송,DW,미완료 대상자 자동 추출 후 독려 발송,1:1,T08,7
제도,그라운드룰&업무목표&수시피드백,결과 분석/보고,실시율 점검,제도,그라운드룰&업무목표&수시피드백,결과 분석/보고,성과관리 실시율 명단 추출,DW,시스템 실시율 자동 추출,1:1,T09,1
제도,그라운드룰&업무목표&수시피드백,결과 분석/보고,상세 입력 내용 분석/인사이트 도출,제도,그라운드룰&업무목표&수시피드백,결과 분석/보고,성과관리 분석 결과 취합,HR,입력 내용 분석 HR 수행,1:1,T09,2
제도,그라운드룰&업무목표&수시피드백,결과 분석/보고,결과 보고서 작성,제도,그라운드룰&업무목표&수시피드백,결과 분석/보고,성과관리 결과 보고서 확정,HR,분석 결과 기반 보고서 HR 확정,1:1,T09,3
제도,피어리뷰,가이드 수립/배포 및 시스템 준비,피어리뷰 연간 운영가이드 수립,제도,피어리뷰,가이드 수립/배포 및 시스템 준비,피어리뷰 운영 가이드 확정,HR,피어리뷰 연간 운영 기준 HR 확정,1:1,T01,1
제도,피어리뷰,가이드 수립/배포 및 시스템 준비,피어리뷰 시스템 셋팅,제도,피어리뷰,가이드 수립/배포 및 시스템 준비,피어리뷰 시스템 셋팅 등록,DW,피어리뷰 시스템 셋팅 등록,1:1,T01,2
제도,피어리뷰,가이드 수립/배포 및 시스템 준비,임직원 가이드 작성/배포,제도,피어리뷰,가이드 수립/배포 및 시스템 준비,임직원 피어리뷰 가이드 배포,DW,임직원 가이드 자동 배포,1:1,T01,3
제도,피어리뷰,대상자 확정/변경(예외자/사유 확인),예외자 및 기타 사유 점검,제도,피어리뷰,대상자 확정/변경(예외자/사유 확인),피어리뷰 대상자 명단 추출,DW,예외자 포함 대상자 시스템 추출,1:1,T08,1
제도,피어리뷰,대상자 확정/변경(예외자/사유 확인),대상자 점검/확정,제도,피어리뷰,대상자 확정/변경(예외자/사유 확인),피어리뷰 대상자 명단 확정,HR,예외 사유 검토 후 HR 최종 확정,1:1,T08,2
제도,피어리뷰,승인자/부서장 매핑 확정/변경,1차 부서장 정비/확정,제도,피어리뷰,승인자/부서장 매핑 확정/변경,피어리뷰 승인자 매핑 명단 추출,DW,1차 부서장 매핑 현황 추출,1:1,T08,1
제도,피어리뷰,승인자/부서장 매핑 확정/변경,HRBP 인사 컨택포인트에 가이드 병행,제도,피어리뷰,승인자/부서장 매핑 확정/변경,피어리뷰 승인자 매핑 확정,HR,HRBP 가이드 병행 후 HR 확정,1:1,T08,2
제도,피어리뷰,피어리뷰 운영/ 임직원 소통,피어리뷰어 안내(피어리뷰어 선택 선택질문 작성),제도,피어리뷰,피어리뷰 운영/ 임직원 소통,피어리뷰어 선택 안내문 발송,DW,피어리뷰어 선택 방법 안내 자동 발송,1:1,T08,1
제도,피어리뷰,피어리뷰 운영/ 임직원 소통,부서장 안내(리뷰어 변경 리뷰결과 확인),제도,피어리뷰,피어리뷰 운영/ 임직원 소통,부서장 리뷰어 관리 안내문 발송,DW,부서장 대상 리뷰어 관리 안내 자동 발송,1:1,T08,2
제도,피어리뷰,피어리뷰 운영/ 임직원 소통,리뷰어 안내(리뷰 작성),제도,피어리뷰,피어리뷰 운영/ 임직원 소통,리뷰어 리뷰 작성 안내문 발송,DW,리뷰어 대상 작성 안내 자동 발송,1:1,T08,3
제도,피어리뷰,결과 분석/보고 및 결과 안내,실시율 점검,제도,피어리뷰,결과 분석/보고 및 결과 안내,피어리뷰 실시율 명단 추출,DW,시스템 실시율 자동 추출,1:1,T09,1
제도,피어리뷰,결과 분석/보고 및 결과 안내,상세 입력 내용 분석/인사이트 도출,제도,피어리뷰,결과 분석/보고 및 결과 안내,피어리뷰 분석 결과 취합,HR,입력 내용 분석 HR 수행,1:1,T09,2
제도,피어리뷰,결과 분석/보고 및 결과 안내,결과 보고서 작성,제도,피어리뷰,결과 분석/보고 및 결과 안내,피어리뷰 결과 보고서 확정,HR,분석 결과 기반 보고서 HR 확정,1:1,T09,3
제도,피어리뷰,결과 분석/보고 및 결과 안내,리뷰결과 부서장 및 피어리뷰 대상 공지,제도,피어리뷰,결과 분석/보고 및 결과 안내,리뷰 결과 안내문 발송,DW,부서장·대상자 리뷰 결과 자동 발송,1:1,T09,4
제도,업적평가,가이드 수립/배포 및 시스템 준비,평가 운영 가이드 수립,제도,업적평가,가이드 수립/배포 및 시스템 준비,업적평가 운영 가이드 확정,HR,업적평가 운영 기준 HR 확정,1:1,T01,1
제도,업적평가,가이드 수립/배포 및 시스템 준비,임직원 가이드 작성/배포,제도,업적평가,가이드 수립/배포 및 시스템 준비,임직원 업적평가 가이드 배포,DW,임직원 가이드 자동 배포,1:1,T01,2
제도,업적평가,가이드 수립/배포 및 시스템 준비,업적평가 시스템 셋팅,제도,업적평가,가이드 수립/배포 및 시스템 준비,업적평가 시스템 셋팅 등록,DW,업적평가 시스템 셋팅 등록,1:1,T01,3
제도,업적평가,가이드 수립/배포 및 시스템 준비,평가자 교육,제도,업적평가,가이드 수립/배포 및 시스템 준비,평가자 교육 일정 확정,HR,평가자 교육 커리큘럼·일정 HR 확정,1:1,T01,4
제도,업적평가,대상자 확정/변경 (예외자/사유 확인),예외자 및 기타 사유 점검,제도,업적평가,대상자 확정/변경 (예외자/사유 확인),업적평가 대상자 명단 추출,DW,예외자 포함 대상자 시스템 추출,1:1,T08,1
제도,업적평가,대상자 확정/변경 (예외자/사유 확인),대상자 점검/확정,제도,업적평가,대상자 확정/변경 (예외자/사유 확인),업적평가 대상자 명단 확정,HR,예외 사유 검토 후 HR 최종 확정,1:1,T08,2
제도,업적평가,승인자/부서장 매핑 확정/변경,1/2/3차 평가자 점검/확정,제도,업적평가,승인자/부서장 매핑 확정/변경,업적평가 평가자 매핑 명단 추출,DW,평가자 매핑 현황 시스템 추출,1:1,T08,1
제도,업적평가,승인자/부서장 매핑 확정/변경,HRBP 인사 컨택포인트에 가이드 병행,제도,업적평가,승인자/부서장 매핑 확정/변경,업적평가 평가자 매핑 확정,HR,HRBP 가이드 병행 후 HR 확정,1:1,T08,2
제도,업적평가,업적평가 운영 / 임직원 소통,평가일정 전사 공지,제도,업적평가,업적평가 운영 / 임직원 소통,업적평가 일정 공지 발송,DW,전사 평가 일정 자동 공지,1:1,T08,1
제도,업적평가,업적평가 운영 / 임직원 소통,부서원/부서장 가이드 배포,제도,업적평가,업적평가 운영 / 임직원 소통,업적평가 가이드 배포,DW,부서원·부서장 가이드 자동 배포,1:1,T08,2
제도,업적평가,업적평가 운영 / 임직원 소통,부서장 평가 및 평가의견 입력,제도,업적평가,업적평가 운영 / 임직원 소통,부서장 평가 진행 현황 추출,DW,부서장 평가 완료 현황 자동 추출,1:1,T08,3
제도,업적평가,업적평가 운영 / 임직원 소통,부서장 평가면담 실시 및 결과 입력,제도,업적평가,업적평가 운영 / 임직원 소통,평가면담 결과 취합,DW,면담 결과 입력 자동 취합,1:1,T08,4
제도,업적평가,업적평가 운영 / 임직원 소통,본인 평가 (업무목표별 성과 작성),제도,업적평가,업적평가 운영 / 임직원 소통,본인 평가 진행 현황 추출,DW,본인 평가 완료 현황 자동 추출,1:1,T08,5
제도,업적평가,업적평가 운영 / 임직원 소통,평가 공정성 설문조사,제도,업적평가,업적평가 운영 / 임직원 소통,평가 공정성 설문 결과 취합,DW,설문 결과 자동 취합,1:1,T08,6
제도,업적평가,결과 분석/보고 및 결과 안내,평가 실시율 점검,제도,업적평가,결과 분석/보고 및 결과 안내,업적평가 실시율 명단 추출,DW,시스템 실시율 자동 추출,1:1,T09,1
제도,업적평가,결과 분석/보고 및 결과 안내,평가내용 분석,제도,업적평가,결과 분석/보고 및 결과 안내,업적평가 결과 분석 보고서 확정,HR,평가 결과 분석 보고서 HR 확정,통폐합,T09,2
제도,업적평가,결과 분석/보고 및 결과 안내,결과 보고서 작성,제도,업적평가,결과 분석/보고 및 결과 안내,업적평가 결과 분석 보고서 확정,HR,평가 결과 분석 보고서 HR 확정,통폐합,T09,2
제도,업적평가,결과 분석/보고 및 결과 안내,평가 결과 부서장/부서원 안내,제도,업적평가,결과 분석/보고 및 결과 안내,업적평가 결과 안내문 발송,DW,부서장·부서원 평가 결과 자동 발송,1:1,T09,3
제도,업적평가,후속 조치,연봉등급 검토/확정,제도,업적평가,후속 조치,연봉등급 확정,HR,평가 결과 기반 연봉등급 HR 확정,1:1,T06,1
제도,업적평가,후속 조치,평가등급 반영,제도,업적평가,후속 조치,평가등급 시스템 등록,DW,Workday 평가등급 등록,1:1,T06,2
제도,업적평가,후속 조치,평가 이의신청 (신청 부서장 소명 심사 보고 확정),제도,업적평가,후속 조치,이의신청 접수,DW,이의신청 시스템 자동 접수,1:2,T06,3
제도,업적평가,후속 조치,평가 이의신청 (신청 부서장 소명 심사 보고 확정),제도,업적평가,후속 조치,이의신청 심사 결과 확정,HR,심사 결과 HR 최종 확정,1:2,T06,4
제도,역량진단,가이드 수립/배포 및 시스템 준비,팀/대직무별 Ground Rule 수립,제도,역량진단,가이드 수립/배포 및 시스템 준비,역량진단 운영 기준안 확정,HR,팀·직무별 그라운드룰 포함 운영 기준 HR 확정,통폐합,T01,1
제도,역량진단,가이드 수립/배포 및 시스템 준비,역량진단 운영 기조,제도,역량진단,가이드 수립/배포 및 시스템 준비,역량진단 운영 기준안 확정,HR,팀·직무별 그라운드룰 포함 운영 기준 HR 확정,통폐합,T01,1
제도,역량진단,가이드 수립/배포 및 시스템 준비,부서원 부서장 가이드 검토/작성,제도,역량진단,가이드 수립/배포 및 시스템 준비,임직원 역량진단 가이드 배포,DW,임직원 가이드 자동 배포,1:1,T01,2
제도,역량진단,대상자 확정/변경 (예외자/사유 확인),예외자 및 기타 사유 점검,제도,역량진단,대상자 확정/변경 (예외자/사유 확인),역량진단 대상자 명단 추출,DW,예외자 포함 대상자 시스템 추출,1:1,T08,1
제도,역량진단,대상자 확정/변경 (예외자/사유 확인),대상자 점검/확정,제도,역량진단,대상자 확정/변경 (예외자/사유 확인),역량진단 대상자 명단 확정,HR,예외 사유 검토 후 HR 최종 확정,1:1,T08,2
제도,역량진단,승인자/부서장 매핑 확정/변경,1/2차 평가자 점검/확정,제도,역량진단,승인자/부서장 매핑 확정/변경,역량진단 평가자 매핑 명단 추출,DW,평가자 매핑 현황 시스템 추출,1:1,T08,1
제도,역량진단,승인자/부서장 매핑 확정/변경,HRBP 인사 컨택포인트에 가이드 병행,제도,역량진단,승인자/부서장 매핑 확정/변경,역량진단 평가자 매핑 확정,HR,HRBP 가이드 병행 후 HR 확정,1:1,T08,2
제도,역량진단,역량진단 운영 및 임직원 소통,안내문 작성 및 전사 메일링 안내,제도,역량진단,역량진단 운영 및 임직원 소통,역량진단 안내문 발송,DW,전사 역량진단 안내 자동 발송,1:1,T08,1
제도,역량진단,역량진단 운영 및 임직원 소통,부서원/부서장 가이드 배포,제도,역량진단,역량진단 운영 및 임직원 소통,역량진단 가이드 발송,DW,부서원·부서장 가이드 자동 발송,1:1,T08,2
제도,역량진단,역량진단 운영 및 임직원 소통,역량진단 사전/사후세션 운영,제도,역량진단,역량진단 운영 및 임직원 소통,역량진단 사전·사후 세션 결과 취합,HR,세션 운영 결과 HR 수행·취합,1:1,T08,3
제도,역량진단,결과 분석/보고 및 결과 안내,진단 결과 분석,제도,역량진단,결과 분석/보고 및 결과 안내,역량진단 결과 분석 보고서 확정,HR,진단 결과 분석 보고서 HR 확정,1:1,T09,1
제도,역량진단,결과 분석/보고 및 결과 안내,고과요건 충족자 중 미충족자 확인,제도,역량진단,결과 분석/보고 및 결과 안내,고과요건 미충족자 명단 추출,DW,고과요건 미충족 조건 자동 필터링,1:1,T09,2
제도,역량진단,결과 분석/보고 및 결과 안내,미완료 부서장 최종 독려,제도,역량진단,결과 분석/보고 및 결과 안내,미완료 부서장 독려 발송,DW,미완료 부서장 자동 추출 후 독려 발송,1:1,T09,3
제도,역량진단,결과 분석/보고 및 결과 안내,결과 안내,제도,역량진단,결과 분석/보고 및 결과 안내,역량진단 결과 안내문 발송,DW,역량진단 결과 자동 안내 발송,1:1,T09,4
제도,승격,가이드 수립/배포 및 시스템 준비,승격 T/O 검토/확정,제도,승격,가이드 수립/배포 및 시스템 준비,승격 T/O 확정,HR,사업부별 승격 T/O HR 확정,1:1,T01,1
제도,승격,가이드 수립/배포 및 시스템 준비,승격 시스템 운영/관리,제도,승격,가이드 수립/배포 및 시스템 준비,승격 시스템 셋팅 등록,DW,승격 시스템 셋팅 등록,1:1,T01,2
제도,승격,가이드 수립/배포 및 시스템 준비,승격요건/승격점수 정비/확정,제도,승격,가이드 수립/배포 및 시스템 준비,승격 요건·기준 확정,HR,승격 요건·점수 기준 HR 확정,1:1,T01,3
제도,승격,대상자 확정/변경,인사/재무 어학요건 미충족자 점검/사전안내,제도,승격,대상자 확정/변경,어학요건 미충족자 사전 안내문 발송,DW,어학요건 미충족자 자동 추출 후 사전 안내,1:1,T08,1
제도,승격,대상자 확정/변경,예외자 및 기타 사유 점검,제도,승격,대상자 확정/변경,승격 대상자 명단 확정,HR,예외 사유 검토 후 HR 최종 확정,1:1,T08,2
제도,승격,승인자/부서장 매핑 확정/변경,1/2차 평가자 점검/확정,제도,승격,승인자/부서장 매핑 확정/변경,승격 평가자 매핑 명단 추출,DW,평가자 매핑 현황 시스템 추출,1:1,T08,1
제도,승격,승인자/부서장 매핑 확정/변경,HRBP 인사 컨택포인트에 가이드 병행,제도,승격,승인자/부서장 매핑 확정/변경,승격 평가자 매핑 확정,HR,HRBP 가이드 병행 후 HR 확정,1:1,T08,2
제도,승격,승격 운영 및 임직원 소통,수신 대상자 정비,제도,승격,승격 운영 및 임직원 소통,승격 대상 수신자 명단 추출,DW,승격 대상 수신자 시스템 추출,1:1,T08,1
제도,승격,승격 운영 및 임직원 소통,일정 안내(부서장용 본인용),제도,승격,승격 운영 및 임직원 소통,승격 일정 안내문 발송,DW,부서장·본인 대상 일정 안내 자동 발송,1:1,T08,2
제도,승격,승격 운영 및 임직원 소통,본인지원 안내/부서장 추천 안내,제도,승격,승격 운영 및 임직원 소통,본인지원·부서장 추천 안내문 발송,DW,지원·추천 방법 자동 발송,1:1,T08,3
제도,승격,승격 운영 및 임직원 소통,부서장 추천 공지 (1/2차),제도,승격,승격 운영 및 임직원 소통,부서장 추천 공지 발송,DW,1·2차 추천 공지 자동 발송,1:1,T08,4
제도,승격,승격 운영 및 임직원 소통,특화역량 프로세스 운영,제도,승격,승격 운영 및 임직원 소통,특화역량 프로세스 결과 취합,HR,특화역량 운영 결과 HR 취합,1:1,T08,5
제도,승격,승격 운영 및 임직원 소통,승격세션 프로세스 운영,제도,승격,승격 운영 및 임직원 소통,승격세션 결과 취합,HR,승격세션 운영 결과 HR 취합,1:1,T08,6
제도,승격,결과 분석/보고 및 결과 안내,사업부 승격검토 결과 확정/취합,제도,승격,결과 분석/보고 및 결과 안내,사업부 승격검토 결과 취합,DW,사업부 승격검토 결과 자동 취합,1:1,T09,1
제도,승격,결과 분석/보고 및 결과 안내,발탁/핵심/신사업 등 승격 현황 분석,제도,승격,결과 분석/보고 및 결과 안내,승격 현황 분석 보고서 확정,HR,승격 유형별 현황 분석 보고서 HR 확정,통폐합,T09,2
제도,승격,결과 분석/보고 및 결과 안내,최종 승격규모 및 승격안 작성/보고,제도,승격,결과 분석/보고 및 결과 안내,승격 현황 분석 보고서 확정,HR,승격 유형별 현황 분석 보고서 HR 확정,통폐합,T09,2
제도,승격,결과 분석/보고 및 결과 안내,승격 결과 메일링(직원/부서장),제도,승격,결과 분석/보고 및 결과 안내,승격 결과 메일 발송,DW,직원·부서장 승격 결과 자동 발송,1:1,T09,3
제도,승격,후속 조치,승격사령장 준비,제도,승격,후속 조치,승격사령장 발행,HR,승격사령장 공식 발행,1:1,T06,1
제도,승격,후속 조치,신임 사령장 배포,제도,승격,후속 조치,사령장 발송,DW,승격자 대상 사령장 자동 발송,1:1,T06,2
제도,승격,후속 조치,승격발령 반영,제도,승격,후속 조치,승격발령 등록,DW,Workday 승격발령 등록,1:1,T06,3
제도,연봉책정/계약,가이드 수립/배포 및 시스템 준비,임직원 가이드 작성/배포,제도,연봉책정/계약,가이드 수립/배포 및 시스템 준비,임직원 연봉책정 가이드 배포,DW,임직원 가이드 자동 배포,1:1,T01,1
제도,연봉책정/계약,가이드 수립/배포 및 시스템 준비,연봉계약 예외 기준 가이드 배포(인사담당자),제도,연봉책정/계약,가이드 수립/배포 및 시스템 준비,연봉계약 예외 기준 가이드 배포,DW,인사담당자 대상 예외기준 가이드 자동 배포,1:1,T01,2
제도,연봉책정/계약,가이드 수립/배포 및 시스템 준비,연봉책정 시스템 셋팅,제도,연봉책정/계약,가이드 수립/배포 및 시스템 준비,연봉책정 시스템 셋팅 등록,DW,연봉책정·비연봉제 시스템 셋팅 등록,통폐합,T01,3
제도,연봉책정/계약,가이드 수립/배포 및 시스템 준비,비연봉제 연간급여 시스템,제도,연봉책정/계약,가이드 수립/배포 및 시스템 준비,연봉책정 시스템 셋팅 등록,DW,연봉책정·비연봉제 시스템 셋팅 등록,통폐합,T01,3
제도,연봉책정/계약,대상자 확정/변경 (예외자/사유 확인),예외자 및 기타 사유 점검,제도,연봉책정/계약,대상자 확정/변경 (예외자/사유 확인),연봉책정 대상자 명단 추출,DW,예외자 포함 대상자 시스템 추출,1:1,T08,1
제도,연봉책정/계약,대상자 확정/변경 (예외자/사유 확인),대상자 점검/확정,제도,연봉책정/계약,대상자 확정/변경 (예외자/사유 확인),연봉책정 대상자 명단 확정,HR,예외 사유 검토 후 HR 최종 확정,1:1,T08,2
제도,연봉책정/계약,승인자/부서장 매핑 확정/변경,1/2차 평가자 점검/확정,제도,연봉책정/계약,승인자/부서장 매핑 확정/변경,연봉책정 평가자 매핑 명단 추출,DW,평가자 매핑 현황 시스템 추출,1:1,T08,1
제도,연봉책정/계약,승인자/부서장 매핑 확정/변경,HRBP 인사 컨택포인트에 가이드 병행,제도,연봉책정/계약,승인자/부서장 매핑 확정/변경,연봉책정 평가자 매핑 확정,HR,HRBP 가이드 병행 후 HR 확정,1:1,T08,2
제도,연봉책정/계약,연봉책정/계약 운영 및 임직원 소통,연봉책정 실시/가이드 안내,제도,연봉책정/계약,연봉책정/계약 운영 및 임직원 소통,연봉책정 실시 안내문 발송,DW,연봉책정 실시 안내 자동 발송,1:1,T08,1
제도,연봉책정/계약,연봉책정/계약 운영 및 임직원 소통,부서장 연봉조정 프로세스 운영,제도,연봉책정/계약,연봉책정/계약 운영 및 임직원 소통,부서장 연봉조정 결과 취합,DW,부서장 연봉조정 입력 결과 자동 취합,1:1,T08,2
제도,연봉책정/계약,결과 분석/보고 및 결과 안내,연도별 연봉책정 현황 분석,제도,연봉책정/계약,결과 분석/보고 및 결과 안내,연봉책정 현황 분석 보고서 확정,HR,연도별 연봉책정 결과 분석 보고서 HR 확정,1:1,T09,1
제도,연봉책정/계약,결과 분석/보고 및 결과 안내,연봉계약서 안내 메일링,제도,연봉책정/계약,결과 분석/보고 및 결과 안내,연봉계약서 안내 메일 발송,DW,임직원·복직자 연봉계약서 안내 자동 발송,통폐합,T09,2
제도,연봉책정/계약,결과 분석/보고 및 결과 안내,복직자 연봉 계약서 안내,제도,연봉책정/계약,결과 분석/보고 및 결과 안내,연봉계약서 안내 메일 발송,DW,임직원·복직자 연봉계약서 안내 자동 발송,통폐합,T09,2
제도,시상,가이드 수립/배포 및 시스템 준비,전사 시상규정 관리 (상벌규정),제도,시상,가이드 수립/배포 및 시스템 준비,시상 규정·운영 기준 확정,HR,시상규정·운영기조 HR 확정,통폐합,T01,1
제도,시상,가이드 수립/배포 및 시스템 준비,시상별 운영 기조 및 기준 수립,제도,시상,가이드 수립/배포 및 시스템 준비,시상 규정·운영 기준 확정,HR,시상규정·운영기조 HR 확정,통폐합,T01,1
제도,시상,가이드 수립/배포 및 시스템 준비,시상 분야 신설 TO 재편 등 시상 규모 조율,제도,시상,가이드 수립/배포 및 시스템 준비,시상 분야·T/O 확정,HR,시상 분야 신설·T/O 규모 HR 확정,1:1,T01,2
제도,시상,가이드 수립/배포 및 시스템 준비,심사위원회 구성,제도,시상,가이드 수립/배포 및 시스템 준비,심사위원회 명단 확정,HR,심사위원 선정 HR 확정,1:1,T01,3
제도,시상,가이드 수립/배포 및 시스템 준비,심사 운영 일정,제도,시상,가이드 수립/배포 및 시스템 준비,심사 운영 일정 확정,HR,심사 운영 일정 HR 확정,1:1,T01,4
제도,시상,가이드 수립/배포 및 시스템 준비,(사전) 분과별 심사기준 재정비,제도,시상,가이드 수립/배포 및 시스템 준비,분과별 심사기준 확정,HR,분과별 사전 심사기준 HR 확정,1:1,T01,5
제도,시상,시상 운영 및 임직원 소통,포스터 제작,제도,시상,시상 운영 및 임직원 소통,시상 홍보물 확정,HR,시상 포스터·홍보 콘텐츠 HR 확정,1:1,T02,1
제도,시상,시상 운영 및 임직원 소통,녹스포털 DID 등 시상 홍보,제도,시상,시상 운영 및 임직원 소통,시상 홍보 게시물 배포,DW,포털·DID 시상 홍보 자동 게시,1:1,T02,2
제도,시상,시상 운영 및 임직원 소통,시상 안내 메일링,제도,시상,시상 운영 및 임직원 소통,시상 안내 메일 발송,DW,전사 시상 안내 자동 발송,1:1,T02,3
제도,시상,시상 운영 및 임직원 소통,추천 과제 접수 진행,제도,시상,시상 운영 및 임직원 소통,추천 과제 접수,DW,시스템 추천 과제 자동 접수,1:1,T02,4
제도,시상,시상 운영 및 임직원 소통,사업부별 후보 추천 1차 검토,제도,시상,시상 운영 및 임직원 소통,후보 1차 검토 결과 확정,HR,후보·인사검증 1차 검토 HR 확정,통폐합,T02,5
제도,시상,시상 운영 및 임직원 소통,제출과제 참여자 명단 1차 인사검증,제도,시상,시상 운영 및 임직원 소통,후보 1차 검토 결과 확정,HR,후보·인사검증 1차 검토 HR 확정,통폐합,T02,5
제도,시상,시상 운영 및 임직원 소통,각 분과별/사업부별 제출과제 취합,제도,시상,시상 운영 및 임직원 소통,분과별 제출과제 취합,DW,분과·사업부별 과제 자동 취합,1:1,T02,6
제도,시상,시상 운영 및 임직원 소통,사업부별 심사위원 선정 및 참여요청,제도,시상,시상 운영 및 임직원 소통,심사위원 참여 요청 발송,DW,심사위원 참여 요청 자동 발송,1:1,T02,7
제도,시상,시상 운영 및 임직원 소통,분과내 점수과제 심사기준 확정,제도,시상,시상 운영 및 임직원 소통,분과별 운영 심사기준 확정,HR,운영 단계 분과별 심사기준 HR 확정,1:1,T02,8
제도,시상,시상 운영 및 임직원 소통,분과별 심사실시,제도,시상,시상 운영 및 임직원 소통,분과별 심사 결과 취합,DW,분과별 심사 점수 자동 취합,1:1,T02,9
제도,시상,심사결과 취합/분석 및 최종 안내,주요 과제 내용 정리,제도,시상,심사결과 취합/분석 및 최종 안내,주요 과제 내용 취합,DW,주요 과제 내용 자동 취합,1:1,T02,1
제도,시상,심사결과 취합/분석 및 최종 안내,심사결과 조율,제도,시상,심사결과 취합/분석 및 최종 안내,심사결과 조율 확정,HR,분과간 심사결과 조율 HR 확정,1:1,T02,2
제도,시상,심사결과 취합/분석 및 최종 안내,최종 선정안 작성,제도,시상,심사결과 취합/분석 및 최종 안내,최종 수상자 선정안 확정,HR,최종 수상자 선정 HR 확정,1:1,T02,3
제도,시상,심사결과 취합/분석 및 최종 안내,후보자 검증/정리,제도,시상,심사결과 취합/분석 및 최종 안내,수상 후보자 인사검증 결과 확정,HR,수상자 인사 적격 검증 HR 확정,1:1,T02,4
제도,시상,심사결과 취합/분석 및 최종 안내,수상자 개인별 안내,제도,시상,심사결과 취합/분석 및 최종 안내,수상자 개인 안내문 발송,DW,수상자 개인별 안내 자동 발송,1:1,T02,5
제도,시상,심사결과 취합/분석 및 최종 안내,부서장/조직내 안내,제도,시상,심사결과 취합/분석 및 최종 안내,수상 결과 안내문 발송,DW,부서장·조직 내 수상 결과 자동 발송,1:1,T02,6
제도,시상,후속 조치,시상식 준비/안내/실시/반응 보고,제도,시상,후속 조치,시상식 운영 결과 보고서 확정,HR,시상식 전 과정 HR 주관·결과 보고서 확정,1:1,T06,1
제도,시상,후속 조치,상패 상장 부상 준비,제도,시상,후속 조치,상패·상장·부상 준비 실시,SSC,물리적 시상 물품 준비 — SSC 횡단 묶음 검토,1:1,T06,2
제도,시상,후속 조치,시상이력 입력,제도,시상,후속 조치,시상이력 등록,DW,시스템 시상이력 등록,1:1,T06,3
제도,시상,후속 조치,시상금 지급,제도,시상,후속 조치,시상금 지급 명단 확정,HR,지급 대상·금액 HR 확정,1:1,T06,4
제도,시상,후속 조치,인사가점 조치,제도,시상,후속 조치,인사가점 등록,DW,Workday 인사가점 등록,1:1,T06,5
제도,징계,가이드 수립/배포 및 시스템 준비,전사 징계규정 관리 (상벌규정),제도,징계,가이드 수립/배포 및 시스템 준비,징계 규정·운영 기준 확정,HR,징계규정·운영기조 HR 확정,통폐합,T01,1
제도,징계,가이드 수립/배포 및 시스템 준비,징계 운영 기조 및 기준 수립,제도,징계,가이드 수립/배포 및 시스템 준비,징계 규정·운영 기준 확정,HR,징계규정·운영기조 HR 확정,통폐합,T01,1
제도,징계,가이드 수립/배포 및 시스템 준비,징계양정 가이드 관리(인사포털),제도,징계,가이드 수립/배포 및 시스템 준비,징계양정 가이드 배포,DW,인사포털 징계양정 가이드 자동 배포,1:1,T01,2
제도,징계,가이드 수립/배포 및 시스템 준비,징계시스템 운영/관리,제도,징계,가이드 수립/배포 및 시스템 준비,징계시스템 셋팅 등록,DW,징계시스템 셋팅 등록,1:1,T01,3
제도,징계,징계 검토 및 상벌위원회 운영,징계여부 및 양정수준 판단 (과거 유사사례 참고),제도,징계,징계 검토 및 상벌위원회 운영,징계 양정 수준 확정,HR,유사사례 참조 후 징계 양정 HR 확정,1:1,T02,1
제도,징계,징계 검토 및 상벌위원회 운영,징계 관련 법무 검토,제도,징계,징계 검토 및 상벌위원회 운영,법무 검토 결과 취합,HR,법무 검토 의견 HR 취합,1:1,T02,2
제도,징계,징계 검토 및 상벌위원회 운영,부의서 작성,제도,징계,징계 검토 및 상벌위원회 운영,상벌위 부의서 확정,HR,상벌위 부의서 HR 작성·확정,1:1,T02,3
제도,징계,징계 검토 및 상벌위원회 운영,상벌위원 선정,제도,징계,징계 검토 및 상벌위원회 운영,상벌위원 명단 확정,HR,상벌위원 선정 HR 확정,1:1,T02,4
제도,징계,징계 검토 및 상벌위원회 운영,상벌위 개최 통보,제도,징계,징계 검토 및 상벌위원회 운영,상벌위 개최 통보 발송,DW,상벌위원 대상 개최 통보 자동 발송,1:1,T02,5
제도,징계,징계 검토 및 상벌위원회 운영,상벌위 시나리오 작성,제도,징계,징계 검토 및 상벌위원회 운영,상벌위 시나리오 확정,HR,상벌위 진행 시나리오 HR 확정,1:1,T02,6
제도,징계,징계 검토 및 상벌위원회 운영,상벌위 실시,제도,징계,징계 검토 및 상벌위원회 운영,상벌위 심의 결과 취합,HR,상벌위 심의 결과 HR 취합,1:1,T02,7
제도,징계,징계 검토 및 상벌위원회 운영,징계의결서 작성,제도,징계,징계 검토 및 상벌위원회 운영,징계의결서 확정,HR,의결서 작성·서명 HR 확정,통폐합,T02,8
제도,징계,징계 검토 및 상벌위원회 운영,의결서 서명,제도,징계,징계 검토 및 상벌위원회 운영,징계의결서 확정,HR,의결서 작성·서명 HR 확정,통폐합,T02,8
제도,징계,징계 검토 및 상벌위원회 운영,재심 신청,제도,징계,징계 검토 및 상벌위원회 운영,재심 신청 접수,DW,재심 신청 시스템 자동 접수,1:1,T02,9
제도,징계,징계 검토 및 상벌위원회 운영,재심 상벌위원회,제도,징계,징계 검토 및 상벌위원회 운영,재심 상벌위 심의 결과 확정,HR,재심 상벌위 결과 HR 확정,1:1,T02,10
제도,징계,결과 안내,징계결과 통보서 작성,제도,징계,결과 안내,징계결과 통보문 확정,HR,징계결과 통보 문구 HR 확정,1:1,T08,1
제도,징계,결과 안내,본인 통보 (서면/대면),제도,징계,결과 안내,징계결과 통보문 발송,DW,서면 징계결과 자동 발송,1:1,T08,2
제도,징계,결과 안내,징계결과 회신서류 입수/보관,제도,징계,결과 안내,징계결과 회신서류 취합,DW,회신서류 디지털 수령·취합,1:1,T08,3
제도,징계,후속 조치,징계이력 입력,제도,징계,후속 조치,징계이력 등록,DW,시스템 징계이력 등록,1:1,T06,1
제도,징계,후속 조치,급여지원센터 결과 공유 (성과급 차감 조치),제도,징계,후속 조치,급여지원센터 징계결과 공유 발송,DW,급여지원센터 징계결과 자동 발송,1:1,T06,2
제도,징계,후속 조치,보상 파트 결과 공유 (근태 조치),제도,징계,후속 조치,보상파트 징계결과 공유 발송,DW,보상파트 징계결과 자동 발송,1:1,T06,3
제도,징계,후속 조치,부서/자리 이동 등 근무 조정 조치,제도,징계,후속 조치,근무 조정 발령 등록,DW,Workday 근무 조정 발령 등록,1:1,T06,4
제도,징계,후속 조치,징계사례 활용 캠페인,제도,징계,후속 조치,징계사례 캠페인 자료 배포,DW,임직원 대상 캠페인 자료 자동 배포,1:1,T06,5
제도,계약직/변호사 관리,표준/개별연봉 계약직 관리,계약서 관리,제도,계약직/변호사 관리,표준/개별연봉 계약직 관리,계약서 시스템 등록,DW,계약서 시스템 등록,1:1,T06,1
제도,계약직/변호사 관리,표준/개별연봉 계약직 관리,계약직 운영기준 관리,제도,계약직/변호사 관리,표준/개별연봉 계약직 관리,계약직 운영기준 확정,HR,계약직 운영 기준 HR 확정,1:1,T06,2
제도,계약직/변호사 관리,표준/개별연봉 계약직 관리,재계약 처우 결정,제도,계약직/변호사 관리,표준/개별연봉 계약직 관리,재계약 처우 확정,HR,재계약 처우 조건 HR 확정,1:1,T06,3
제도,계약직/변호사 관리,표준/개별연봉 계약직 관리,대상자 확정/변경 (예외자/사유 확인),제도,계약직/변호사 관리,표준/개별연봉 계약직 관리,계약직 대상자 명단 확정,HR,예외 사유 검토 후 HR 최종 확정,1:1,T06,4
제도,계약직/변호사 관리,국내/해외/IP 변호사 관리,계약서 관리,제도,계약직/변호사 관리,국내/해외/IP 변호사 관리,계약서 시스템 등록,DW,변호사 계약서 시스템 등록,1:1,T06,1
제도,계약직/변호사 관리,국내/해외/IP 변호사 관리,계약직 운영기준 관리,제도,계약직/변호사 관리,국내/해외/IP 변호사 관리,변호사 운영기준 확정,HR,변호사 운영 기준 HR 확정,1:1,T06,2
제도,계약직/변호사 관리,국내/해외/IP 변호사 관리,재계약 처우 결정,제도,계약직/변호사 관리,국내/해외/IP 변호사 관리,재계약 처우 확정,HR,재계약 처우 조건 HR 확정,1:1,T06,3
제도,계약직/변호사 관리,국내/해외/IP 변호사 관리,대상자 확정/변경 (예외자/사유 확인),제도,계약직/변호사 관리,국내/해외/IP 변호사 관리,변호사 대상자 명단 확정,HR,예외 사유 검토 후 HR 최종 확정,1:1,T06,4
교육,진단/검정,실시계획 수립,진단/검정 실시계획 수립,교육,진단/검정,실시계획 수립,진단·검정 실시계획 확정,HR,진단·검정 운영 기준 및 일정 HR 확정,1:1,T01,1
교육,진단/검정,실시계획 수립,진단/검정 대상 확정,교육,진단/검정,실시계획 수립,진단·검정 대상자 명단 확정,HR,대상자 기준 HR 최종 확정,1:1,T01,2
교육,진단/검정,진단/검정 문항 분석 및 개발,진단/검정 문항 분석,교육,진단/검정,진단/검정 문항 분석 및 개발,진단·검정 문항 분석 결과 취합,HR,문항 품질 분석 HR 수행,1:1,T01,1
교육,진단/검정,진단/검정 문항 분석 및 개발,진단/검정 문항 개발,교육,진단/검정,진단/검정 문항 분석 및 개발,진단·검정 문항 확정,HR,개발 문항 검토 후 HR 확정,1:1,T01,2
교육,진단/검정,진단/검정 운영 및 평가,진단/검정 운영,교육,진단/검정,진단/검정 운영 및 평가,진단·검정 운영 결과 취합,DW,진단·검정 결과 자동 취합,1:1,T05,1
교육,진단/검정,진단/검정 운영 및 평가,진단/검정 평가,교육,진단/검정,진단/검정 운영 및 평가,진단·검정 평가 결과 확정,HR,채점 결과 검토 후 HR 확정,1:1,T05,2
교육,진단/검정,결과 분석/확정/보고,진단/검정 결과 분석,교육,진단/검정,결과 분석/확정/보고,진단·검정 결과 분석 보고서 확정,HR,결과 분석 보고서 HR 확정,통폐합,T09,1
교육,진단/검정,결과 분석/확정/보고,진단/검정 결과 확정,교육,진단/검정,결과 분석/확정/보고,진단·검정 결과 확정,HR,최종 결과 HR 확정,1:1,T09,2
교육,진단/검정,결과 분석/확정/보고,진단/검정 결과 보고,교육,진단/검정,결과 분석/확정/보고,진단·검정 결과 분석 보고서 확정,HR,결과 분석 보고서 HR 확정,통폐합,T09,1
교육,진단/검정,결과 분석/확정/보고,진단/검정 결과 반영,교육,진단/검정,결과 분석/확정/보고,진단·검정 결과 시스템 등록,DW,Workday 진단·검정 결과 등록,1:1,T09,3
교육,진단/검정,결과 분석/확정/보고,격려금 지급,교육,진단/검정,결과 분석/확정/보고,격려금 지급 명단 확정,HR,격려금 지급 대상·금액 HR 확정,1:1,T09,4
교육,플랫폼,이러닝 컨텐츠 소싱/관리 및 큐레이션,이러닝 컨텐츠 소싱,교육,플랫폼,이러닝 컨텐츠 소싱/관리 및 큐레이션,이러닝 컨텐츠 소싱 결과 취합,HR,외부 이러닝 컨텐츠 검토·취합 HR 수행,1:1,T08,1
교육,플랫폼,이러닝 컨텐츠 소싱/관리 및 큐레이션,이러닝 컨텐츠 관리,교육,플랫폼,이러닝 컨텐츠 소싱/관리 및 큐레이션,이러닝 컨텐츠 목록 등록,DW,플랫폼 이러닝 컨텐츠 시스템 등록,1:1,T08,2
교육,플랫폼,이러닝 컨텐츠 소싱/관리 및 큐레이션,이러닝 컨텐츠 큐레이션,교육,플랫폼,이러닝 컨텐츠 소싱/관리 및 큐레이션,이러닝 큐레이션 목록 확정,HR,추천 컨텐츠 목록 HR 확정,1:1,T08,3
교육,양성,선발 규모/선발 전략 수립,양성 선발 규모 확정,교육,양성,선발 규모/선발 전략 수립,양성 선발 규모 확정,HR,양성 분야별 선발 규모 HR 확정,1:1,T01,1
교육,양성,선발 규모/선발 전략 수립,양성 분야 확정,교육,양성,선발 규모/선발 전략 수립,양성 분야 확정,HR,양성 대상 분야 HR 확정,1:1,T01,2
교육,양성,선발 규모/선발 전략 수립,양성 선발전략 수립,교육,양성,선발 규모/선발 전략 수립,양성 선발전략 확정,HR,선발 방식·전형 전략 HR 확정,1:1,T01,3
교육,양성,선발 전형 운영,후보군 선발,교육,양성,선발 전형 운영,양성 후보군 명단 추출,DW,기준 충족 후보군 시스템 자동 추출,1:1,T02,1
교육,양성,선발 전형 운영,선발관련 안내,교육,양성,선발 전형 운영,양성 선발 안내문 발송,DW,후보군 대상 선발 안내 자동 발송,1:1,T02,2
교육,양성,선발 전형 운영,서류 심사,교육,양성,선발 전형 운영,서류 심사 결과 취합,HR,서류 심사 HR 수행,1:1,T02,3
교육,양성,선발 전형 운영,면접 심사,교육,양성,선발 전형 운영,면접 심사 결과 취합,HR,면접 심사 HR 수행,1:1,T02,4
교육,양성,선발 전형 운영,선발 확정,교육,양성,선발 전형 운영,양성 대상자 명단 확정,HR,전형 결과 종합 후 HR 최종 확정,1:1,T02,5
교육,양성,선발 전형 운영,선발결과 안내,교육,양성,선발 전형 운영,양성 선발 결과 안내문 발송,DW,선발 결과 자동 발송,1:1,T02,6
교육,양성,양성경비/처우기준,양성경비 분석,교육,양성,양성경비/처우기준,양성경비 분석 보고서 확정,HR,양성 경비 분석 보고서 HR 확정,1:1,T01,1
교육,양성,양성경비/처우기준,양성경비 예산편성/관리,교육,양성,양성경비/처우기준,양성경비 예산안 확정,HR,연간 양성경비 예산 HR 확정,1:1,T01,2
교육,양성,파견자 관리,파견중 관리,교육,양성,파견자 관리,파견중 현황 추출,DW,파견중 인력 현황 시스템 추출,1:1,T06,1
교육,양성,파견자 관리,파견후 관리,교육,양성,파견자 관리,파견 귀임 후 관리 결과 취합,HR,귀임 후 배치·성과 관리 HR 수행,1:1,T06,2
교육,양성,파견자 관리,양성시스템 관리/정보입력,교육,양성,파견자 관리,양성시스템 정보 등록,DW,양성시스템 파견자 정보 등록,1:1,T06,3
교육,교육운영,교육 실행 계획 수립,연간 교육 운영 수립,교육,교육운영,교육 실행 계획 수립,연간 교육 운영 계획 확정,HR,연간 교육 운영 계획 HR 확정,1:1,T01,1
교육,교육운영,교육 예산 계획 수립,전년도 경비실적 분석,교육,교육운영,교육 예산 계획 수립,전년도 교육경비 실적 추출,DW,전년도 교육경비 실적 자동 추출,1:1,T01,1
교육,교육운영,교육 예산 계획 수립,교육 예산 계획 수립,교육,교육운영,교육 예산 계획 수립,교육 예산 계획안 확정,HR,교육 예산 계획 HR 확정,1:1,T01,2
교육,교육운영,교육 예산 계획 수립,운영품의(PR) 진행,교육,교육운영,교육 예산 계획 수립,교육운영 품의 승인,HR,교육운영 예산 결재 승인,1:1,T01,3
교육,교육운영,과정 개설,교육시스템 과정 등록 및 차수 개설,교육,교육운영,과정 개설,교육시스템 과정 등록,DW,교육시스템 과정·차수 자동 등록,1:1,T08,1
교육,교육운영,대상자 모집/선발,대상자 모집 공지,교육,교육운영,대상자 모집/선발,교육 모집 공지 발송,DW,교육 모집 공지 자동 발송,1:1,T07,1
교육,교육운영,대상자 모집/선발,대상자 선발,교육,교육운영,대상자 모집/선발,교육 대상자 명단 확정,HR,신청자 중 대상자 HR 최종 확정,1:1,T07,2
교육,교육운영,대상자 모집/선발,대상자 선발 확정안내,교육,교육운영,대상자 모집/선발,교육 선발 결과 안내문 발송,DW,선발 결과 자동 발송,1:1,T07,3
교육,교육운영,입과안내/교육생 관리,교육생 명단 관리,교육,교육운영,입과안내/교육생 관리,교육생 명단 추출,DW,교육시스템 교육생 명단 자동 추출,1:1,T08,1
교육,교육운영,입과안내/교육생 관리,교육 입과안내,교육,교육운영,입과안내/교육생 관리,교육 입과 안내문 발송,DW,교육 입과 안내 자동 발송,1:1,T08,2
교육,교육운영,입과안내/교육생 관리,교육생 분석,교육,교육운영,입과안내/교육생 관리,교육생 분석 보고서 확정,HR,교육생 특성 분석 보고서 HR 확정,1:1,T08,3
교육,교육운영,입과안내/교육생 관리,VOC 대응,교육,교육운영,입과안내/교육생 관리,VOC 대응 결과 취합,DW,교육생 VOC 자동 취합,1:1,T08,4
교육,교육운영,내/외부 강사관리,배차 신청,교육,교육운영,내/외부 강사관리,강사 배차 신청 발송,DW,강사 배차 신청 자동 발송,1:1,T08,1
교육,교육운영,내/외부 강사관리,방문 신청,교육,교육운영,내/외부 강사관리,강사 방문 신청 발송,DW,강사 방문 신청 자동 발송,1:1,T08,2
교육,교육운영,내/외부 강사관리,식권 신청,교육,교육운영,내/외부 강사관리,강사 식권 신청 발송,DW,강사 식권 신청 자동 발송,1:1,T08,3
교육,교육운영,내/외부 강사관리,벤더 등록,교육,교육운영,내/외부 강사관리,강사 벤더 등록,DW,강사 벤더 시스템 등록,1:1,T08,4
교육,교육운영,내/외부 강사관리,교육과정/강의 안내,교육,교육운영,내/외부 강사관리,강의 안내문 발송,DW,강사 대상 강의 안내 자동 발송,1:1,T08,5
교육,교육운영,내/외부 강사관리,강사 영접 및 VOC 대응,교육,교육운영,내/외부 강사관리,강사 VOC 대응 결과 취합,HR,강사 영접·VOC 대응 HR 수행,1:1,T08,6
교육,교육운영,운영준비(인프라 셋팅 등),운영관련 체크리스트 준비,교육,교육운영,운영준비(인프라 셋팅 등),운영 체크리스트 확정,HR,교육 운영 체크리스트 HR 확정,1:1,T13,1
교육,교육운영,운영준비(인프라 셋팅 등),시설 예약,교육,교육운영,운영준비(인프라 셋팅 등),교육 시설 예약 확정,DW,교육 시설 시스템 예약,1:1,T13,2
교육,교육운영,운영준비(인프라 셋팅 등),PC 대여/반납 준비,교육,교육운영,운영준비(인프라 셋팅 등),PC 대여 신청 발송,DW,PC 대여 신청 자동 발송,1:1,T13,3
교육,교육운영,운영준비(인프라 셋팅 등),교보재 준비,교육,교육운영,운영준비(인프라 셋팅 등),교보재 준비 실시,SSC,물리적 교보재 준비 — SSC 횡단 묶음 예정,1:1,T13,4
교육,교육운영,운영준비(인프라 셋팅 등),다과 준비,교육,교육운영,운영준비(인프라 셋팅 등),다과 준비 실시,SSC,물리적 다과 준비 — SSC 횡단 묶음 예정,1:1,T13,5
교육,교육운영,운영준비(인프라 셋팅 등),강의장 세팅,교육,교육운영,운영준비(인프라 셋팅 등),강의장 세팅 실시,SSC,물리적 강의장 세팅 — 채용 면접·검정 장소 세팅과 횡단 묶음 예정,1:1,T13,6
교육,교육운영,운영준비(인프라 셋팅 등),파우치/퀵/택배/DHL 발송,교육,교육운영,운영준비(인프라 셋팅 등),교육 물품 발송,SSC,물리적 교육 물품 배송 — SSC 횡단 묶음 예정,1:1,T13,7
교육,교육운영,과정 운영,강의장 점검,교육,교육운영,과정 운영,강의장 운영 준비 확인,DW,운영 전 강의장 체크리스트 자동 확인,1:1,T05,1
교육,교육운영,과정 운영,출석체크/오리엔테이션,교육,교육운영,과정 운영,교육생 출석 명단 취합,DW,교육생 출석 자동 취합,1:1,T05,2
교육,교육운영,과정 운영,강의 및 퍼실리테이팅/코칭 진행,교육,교육운영,과정 운영,교육생 만족도 설문 결과 취합,DW,교육 종료 후 만족도 설문 자동 취합,1:2,T05,3
교육,교육운영,과정 운영,강의 및 퍼실리테이팅/코칭 진행,교육,교육운영,과정 운영,강의 결과 보고서 작성,HR,강의 성과 HR 주관 보고서 작성,1:2,T05,4
교육,교육운영,과정 운영,강의내용 통역(필요시),교육,교육운영,과정 운영,번역·통역 결과물 확정,HR,통역 결과물 HR 검수 및 확정,1:1,T05,5
교육,교육운영,과정 운영,강의내용(질의응답) 정리/요약,교육,교육운영,과정 운영,강의 Q&A 정리 문서 확정,HR,Q&A 정리 문서 HR 확정,1:1,T05,6
교육,교육운영,과정설문 취합/분석,과정 설문 준비,교육,교육운영,과정설문 취합/분석,과정 설문지 확정,HR,설문 문항 HR 확정,1:1,T09,1
교육,교육운영,과정설문 취합/분석,과정설문 개설,교육,교육운영,과정설문 취합/분석,과정 설문 시스템 등록,DW,교육시스템 설문 자동 등록,1:1,T09,2
교육,교육운영,과정설문 취합/분석,과정설문 진행,교육,교육운영,과정설문 취합/분석,과정 설문 결과 취합,DW,설문 결과 자동 취합,1:1,T09,3
교육,교육운영,과정설문 취합/분석,과정설문 분석,교육,교육운영,과정설문 취합/분석,과정 설문 분석 보고서 확정,HR,설문 분석 보고서 HR 확정,1:1,T09,4
교육,교육운영,성과분석/결과보고,성과 분석,교육,교육운영,성과분석/결과보고,교육 성과 분석 보고서 확정,HR,성과 분석 보고서 HR 확정,통폐합,T09,1
교육,교육운영,성과분석/결과보고,결과 보고,교육,교육운영,성과분석/결과보고,교육 성과 분석 보고서 확정,HR,성과 분석 보고서 HR 확정,통폐합,T09,1
교육,교육운영,성과분석/결과보고,우수 교육생 시상,교육,교육운영,성과분석/결과보고,우수 교육생 명단 확정,HR,우수 교육생 선정 HR 확정,1:1,T09,2
교육,교육운영,성과분석/결과보고,강사 감사레터 작성/발송(필요시),교육,교육운영,성과분석/결과보고,강사 감사레터 발송,DW,강사 감사레터 자동 발송,1:1,T09,3
교육,교육운영,성과분석/결과보고,교육관련 사진/영상자료 정리,교육,교육운영,성과분석/결과보고,교육 사진·영상 자료 등록,DW,교육 사진·영상 시스템 등록,1:1,T09,4
교육,교육운영,수료 관리 및 경비처리,수료 관리,교육,교육운영,수료 관리 및 경비처리,수료 명단 등록,DW,교육시스템 수료 명단 등록,1:1,T08,1
교육,교육운영,수료 관리 및 경비처리,정산 진행,교육,교육운영,수료 관리 및 경비처리,교육 경비 정산 확정,HR,교육 경비 정산 HR 확정,1:1,T08,2
교육,내부 컨텐츠 개발,강의안 및 교보재 개발,과정개발 계획수립,교육,내부 컨텐츠 개발,강의안 및 교보재 개발,과정개발 계획 확정,HR,과정개발 목표·범위 HR 확정,1:1,T01,1
교육,내부 컨텐츠 개발,강의안 및 교보재 개발,강의안 디자인 템플릿 의뢰,교육,내부 컨텐츠 개발,강의안 및 교보재 개발,디자인 템플릿 의뢰 발송,DW,디자인 템플릿 의뢰 자동 발송,1:1,T01,2
교육,내부 컨텐츠 개발,강의안 및 교보재 개발,모듈계획서 작성,교육,내부 컨텐츠 개발,강의안 및 교보재 개발,모듈계획서 확정,HR,모듈계획서 HR 확정,1:1,T01,3
교육,내부 컨텐츠 개발,강의안 및 교보재 개발,강의교안 개발,교육,내부 컨텐츠 개발,강의안 및 교보재 개발,강의교안 확정,HR,강의교안 개발·검토 HR 확정,1:1,T01,4
교육,내부 컨텐츠 개발,강의안 및 교보재 개발,교보재 개발,교육,내부 컨텐츠 개발,강의안 및 교보재 개발,교보재 개발 확정,HR,교보재 개발·검토 HR 확정,1:1,T01,5
교육,내부 컨텐츠 개발,강의안 및 교보재 개발,강의자료 번역(필요시),교육,내부 컨텐츠 개발,강의안 및 교보재 개발,강의자료 번역본 확정,HR,번역 결과물 검토 HR 확정,1:1,T01,6
교육,교육전략,전사 교육 전략 기획,신설/폐강 과정 관리,교육,교육전략,전사 교육 전략 기획,신설·폐강 과정 목록 확정,HR,연간 과정 신설·폐강 목록 HR 확정,1:1,T01,1
교육,교육니즈분석,요구사항분석,경영진요구사항 분석,교육,교육니즈분석,요구사항분석,경영진 요구사항 취합,HR,경영진 인터뷰·요구 HR 취합,1:1,T09,1
교육,교육니즈분석,요구사항분석,임직원 요구사항 분석,교육,교육니즈분석,요구사항분석,임직원 요구사항 취합,DW,설문·시스템 임직원 요구 자동 취합,1:1,T09,2
교육,교육니즈분석,트렌드분석,환경변화 자료검색/리서치,교육,교육니즈분석,트렌드분석,환경변화 자료 취합,DW,외부 자료 검색·취합 자동화,1:1,T09,1
교육,교육니즈분석,트렌드분석,환경변화 관련 인사이트 발굴,교육,교육니즈분석,트렌드분석,환경변화 분석 결과 취합,HR,트렌드 분석 HR 수행,1:1,T09,2
교육,교육니즈분석,교육대상 분석,임직원 현황 분석(규모/직무/사업부/보직),교육,교육니즈분석,교육대상 분석,임직원 현황 추출,DW,Workday 임직원 현황 자동 추출,1:1,T09,1
교육,교육니즈분석,교육대상 분석,특수 국적/언어 등,교육,교육니즈분석,교육대상 분석,특수 국적·언어 현황 추출,DW,특수 국적·언어 조건 자동 추출,1:1,T09,2
교육,교육니즈분석,교육대상 분석,역량 분석(교육이력/자격),교육,교육니즈분석,교육대상 분석,역량 이력 추출,DW,교육이력·자격 자동 추출,1:1,T09,3
교육,교육니즈분석,커리큘럼 기획,전년도 결과 리뷰/분석,교육,교육니즈분석,커리큘럼 기획,전년도 교육 결과 추출,DW,전년도 교육 결과 자동 추출,1:1,T01,1
교육,교육니즈분석,커리큘럼 기획,인사이트 발굴,교육,교육니즈분석,커리큘럼 기획,교육 니즈 분석 결과 취합,HR,니즈 분석 HR 수행,1:1,T01,2
교육,교육니즈분석,커리큘럼 기획,우선순위 도출,교육,교육니즈분석,커리큘럼 기획,교육 우선순위 확정,HR,교육 우선순위 HR 확정,1:1,T01,3
교육,교육과정설계,커리큘럼 기획,과정목표 수립,교육,교육과정설계,커리큘럼 기획,과정목표 확정,HR,과정 학습목표 HR 확정,1:1,T01,1
교육,교육과정설계,커리큘럼 기획,예산 검토,교육,교육과정설계,커리큘럼 기획,과정 예산안 확정,HR,과정 예산 검토 후 HR 확정,1:1,T01,2
교육,교육과정설계,커리큘럼 기획,커리큘럼 개발,교육,교육과정설계,커리큘럼 기획,커리큘럼 개발안 확정,HR,커리큘럼 개발 결과 HR 확정,1:1,T01,3
교육,교육과정설계,커리큘럼 확정,내부 보고/품의,교육,교육과정설계,커리큘럼 확정,커리큘럼 내부 품의 승인,HR,커리큘럼 내부 보고 후 결재 승인,1:1,T01,1
교육,교육과정설계,프로그램 운영방안 결정,교육 형태/기간,교육,교육과정설계,프로그램 운영방안 결정,교육 형태·기간 확정,HR,교육 형태 및 기간 HR 확정,1:1,T01,1
교육,교육과정설계,프로그램 운영방안 결정,신청/선발 방식,교육,교육과정설계,프로그램 운영방안 결정,신청·선발 방식 확정,HR,신청·선발 방식 HR 확정,1:1,T01,2
교육,교육과정설계,평가 도구 설계(KPI),역량평가 도구/방식 기획,교육,교육과정설계,평가 도구 설계(KPI),역량평가 도구·방식 확정,HR,역량평가 도구 HR 확정,1:1,T01,1
교육,교육과정설계,평가 도구 설계(KPI),프로그램 평가 기획(효과성 만족도),교육,교육과정설계,평가 도구 설계(KPI),프로그램 평가 도구 확정,HR,효과성·만족도 평가 도구 HR 확정,1:1,T01,2
교육,교육과정설계,Pilot과정 운영,대상자 선발,교육,교육과정설계,Pilot과정 운영,Pilot 과정 대상자 명단 확정,HR,Pilot 대상자 HR 확정,1:1,T05,1
교육,교육과정설계,Pilot과정 운영,과정 운영,교육,교육과정설계,Pilot과정 운영,Pilot 과정 운영 결과 취합,HR,Pilot 운영 결과 HR 취합,1:1,T05,2
교육,교육과정설계,Pilot과정 운영,결과 분석/반영,교육,교육과정설계,Pilot과정 운영,Pilot 과정 결과 반영안 확정,HR,Pilot 결과 반영 방향 HR 확정,1:1,T05,3
교육,컨텐츠 개발(외부),강사선정,강사 탐색,교육,컨텐츠 개발(외부),강사선정,외부 강사 후보군 취합,HR,외부 강사 탐색·후보 취합 HR 수행,1:1,T02,1
교육,컨텐츠 개발(외부),강사선정,강사 섭외,교육,컨텐츠 개발(외부),강사선정,외부 강사 섭외 확정,HR,강사 섭외 협의 후 HR 확정,1:1,T02,2
교육,컨텐츠 개발(외부),컨텐츠협의,교육 내용 협의,교육,컨텐츠 개발(외부),컨텐츠협의,교육 내용 협의 결과 확정,HR,강사·업체와 교육 내용 협의 HR 확정,1:1,T01,1
교육,컨텐츠 개발(외부),강사계약,교육 위탁업체 Bidding,교육,컨텐츠 개발(외부),강사계약,교육 위탁업체 선정안 확정,HR,입찰 결과 검토 후 HR 확정,1:1,T11,1
교육,컨텐츠 개발(외부),강사계약,교육 위탁 계약 체결(필요시),교육,컨텐츠 개발(외부),강사계약,교육 위탁 계약서 확정,HR,계약서 검토 후 HR 확정,1:1,T11,2
교육,컨텐츠 개발(외부),이러닝 콘텐츠 개발,이러닝 콘텐츠 개발 계약,교육,컨텐츠 개발(외부),이러닝 콘텐츠 개발,이러닝 개발 계약서 확정,HR,이러닝 개발 계약서 HR 확정,1:1,T01,1
교육,컨텐츠 개발(외부),이러닝 콘텐츠 개발,이러닝 콘텐츠 검수,교육,컨텐츠 개발(외부),이러닝 콘텐츠 개발,이러닝 콘텐츠 검수 결과 확정,HR,이러닝 콘텐츠 품질 검수 HR 확정,1:1,T01,2
교육,컨텐츠 개발(외부),강의안 및 교보재 개발,강의교안 개발,교육,컨텐츠 개발(외부),강의안 및 교보재 개발,강의교안 검수 결과 확정,HR,외부 강의교안 검수 HR 확정,1:1,T01,1
교육,컨텐츠 개발(외부),강의안 및 교보재 개발,교보재 개발,교육,컨텐츠 개발(외부),강의안 및 교보재 개발,교보재 검수 결과 확정,HR,외부 교보재 검수 HR 확정,1:1,T01,2
교육,컨텐츠 개발(외부),강의안 및 교보재 개발,강의자료 번역(필요시),교육,컨텐츠 개발(외부),강의안 및 교보재 개발,강의자료 번역본 검수 확정,HR,번역 결과물 검수 HR 확정,1:1,T01,3
보상/근태,지급업무,정기급여,(데이터 없음),보상/근태,지급업무,정기급여,정기급여 지급 대상자 명단 추출,DW,Workday 급여 대상자 자동 추출,L5→L6,T08,1
보상/근태,지급업무,정기급여,(데이터 없음),보상/근태,지급업무,정기급여,정기급여 지급 처리 등록,DW,Workday 정기급여 지급 등록,L5→L6,T08,2
보상/근태,지급업무,인센티브,(데이터 없음),보상/근태,지급업무,인센티브,인센티브 지급 대상자 명단 추출,DW,인센티브 지급 기준 충족자 자동 추출,L5→L6,T06,1
보상/근태,지급업무,인센티브,(데이터 없음),보상/근태,지급업무,인센티브,인센티브 지급 금액 확정,HR,인센티브 금액 HR 최종 확정,L5→L6,T06,2
보상/근태,지급업무,인센티브,(데이터 없음),보상/근태,지급업무,인센티브,인센티브 지급 처리 등록,DW,Workday 인센티브 지급 등록,L5→L6,T06,3
보상/근태,지급업무,연차수당,(데이터 없음),보상/근태,지급업무,연차수당,연차수당 대상자·금액 추출,DW,미사용 연차 기준 자동 산정·추출,L5→L6,T08,1
보상/근태,지급업무,연차수당,(데이터 없음),보상/근태,지급업무,연차수당,연차수당 지급 처리 등록,DW,Workday 연차수당 지급 등록,L5→L6,T08,2
보상/근태,퇴직정산,퇴직자 미지급액 지급,(데이터 없음),보상/근태,퇴직정산,퇴직자 미지급액 지급,미지급액 산정 추출,DW,퇴직자 미지급액 자동 산정·추출,L5→L6,T08,1
보상/근태,퇴직정산,퇴직자 미지급액 지급,(데이터 없음),보상/근태,퇴직정산,퇴직자 미지급액 지급,미지급액 지급 처리 등록,DW,Workday 미지급액 지급 등록,L5→L6,T08,2
보상/근태,퇴직정산,퇴직금 지급,(데이터 없음),보상/근태,퇴직정산,퇴직금 지급,퇴직금 산정 추출,DW,재직기간·임금 기준 퇴직금 자동 산정,L5→L6,T08,1
보상/근태,퇴직정산,퇴직금 지급,(데이터 없음),보상/근태,퇴직정산,퇴직금 지급,퇴직금 지급 확정,HR,퇴직금 지급 금액·일정 HR 확정,L5→L6,T08,2
보상/근태,퇴직정산,퇴직금 지급,(데이터 없음),보상/근태,퇴직정산,퇴직금 지급,퇴직금 지급 처리 등록,DW,Workday 퇴직금 지급 등록,L5→L6,T08,3
보상/근태,퇴직정산,퇴직연금,(데이터 없음),보상/근태,퇴직정산,퇴직연금,퇴직연금 적립 현황 추출,DW,퇴직연금 적립 현황 자동 추출,L5→L6,T08,1
보상/근태,퇴직정산,퇴직연금,(데이터 없음),보상/근태,퇴직정산,퇴직연금,퇴직연금 지급 확정,HR,퇴직연금 지급 조건 HR 확정,L5→L6,T08,2
보상/근태,퇴직정산,퇴직연금,(데이터 없음),보상/근태,퇴직정산,퇴직연금,퇴직연금 지급 등록,DW,Workday 퇴직연금 지급 등록,L5→L6,T08,3
보상/근태,연말정산,연말정산,(데이터 없음),보상/근태,연말정산,연말정산,연말정산 공제 자료 취합,DW,임직원 공제 자료 자동 취합,L5→L6,T08,1
보상/근태,연말정산,연말정산,(데이터 없음),보상/근태,연말정산,연말정산,연말정산 결과 확정,HR,공제 항목 검토 후 HR 확정,L5→L6,T08,2
보상/근태,연말정산,연말정산,(데이터 없음),보상/근태,연말정산,연말정산,연말정산 결과 등록,DW,Workday 연말정산 결과 등록,L5→L6,T08,3
보상/근태,보상기획,경영계획,(데이터 없음),보상/근태,보상기획,경영계획,보상 경영계획 기초 데이터 추출,DW,전년 보상 현황 자동 추출,L5→L6,T01,1
보상/근태,보상기획,경영계획,(데이터 없음),보상/근태,보상기획,경영계획,보상 경영계획 확정,HR,보상 경영계획 HR 확정,L5→L6,T01,2
보상/근태,보상기획,임금조정,(데이터 없음),보상/근태,보상기획,임금조정,임금조정 대상자 현황 추출,DW,임금조정 대상자 시스템 추출,L5→L6,T06,1
보상/근태,보상기획,임금조정,(데이터 없음),보상/근태,보상기획,임금조정,임금조정 기준 확정,HR,임금조정 기준·인상률 HR 확정,L5→L6,T06,2
보상/근태,보상기획,임금조정,(데이터 없음),보상/근태,보상기획,임금조정,임금조정 결과 등록,DW,Workday 임금조정 결과 등록,L5→L6,T06,3
보상/근태,법정복리후생,국민연금 정기결정,(데이터 없음),보상/근태,법정복리후생,국민연금 정기결정,국민연금 정기결정 대상자 추출,DW,정기결정 대상자 자동 추출,L5→L6,T08,1
보상/근태,법정복리후생,국민연금 정기결정,(데이터 없음),보상/근태,법정복리후생,국민연금 정기결정,국민연금 정기결정 신고 등록,DW,공단 국민연금 정기결정 신고 등록,L5→L6,T08,2
보상/근태,법정복리후생,국민연금,(데이터 없음),보상/근태,법정복리후생,국민연금,국민연금 보험료 납부 처리 등록,DW,Workday 국민연금 보험료 납부 등록,L5→L6,T08,1
보상/근태,법정복리후생,건강보험,(데이터 없음),보상/근태,법정복리후생,건강보험,건강보험료 납부 처리 등록,DW,Workday 건강보험료 납부 등록,L5→L6,T08,1
보상/근태,법정복리후생,건강보험/노인장기요양보험 정산,(데이터 없음),보상/근태,법정복리후생,건강보험/노인장기요양보험 정산,건강보험 정산 처리 등록,DW,건강보험 연말 정산 등록,L5→L6,T08,1
보상/근태,법정복리후생,고용보험,(데이터 없음),보상/근태,법정복리후생,고용보험,고용보험료 신고 처리 등록,DW,고용보험 신고 등록,L5→L6,T08,1
보상/근태,법정복리후생,고용보험 자격관리,(데이터 없음),보상/근태,법정복리후생,고용보험 자격관리,고용보험 자격 변동 등록,DW,입퇴사·계약변경 시 자격 변동 등록,L5→L6,T08,1
보상/근태,법정복리후생,산재보험 신고,(데이터 없음),보상/근태,법정복리후생,산재보험 신고,산재보험 신고 등록,DW,산재 발생 시 공단 신고 등록,L5→L6,T08,1
보상/근태,법정복리후생,산재보험,(데이터 없음),보상/근태,법정복리후생,산재보험,산재보험 처리 등록,DW,산재 처리 결과 등록,L5→L6,T08,1
보상/근태,기업복리후생,개인연금,(데이터 없음),보상/근태,기업복리후생,개인연금,개인연금 납부 처리 등록,DW,개인연금 납부 자동 처리 등록,L5→L6,T08,1
보상/근태,기업복리후생,개인연금운영(납입액 변경),(데이터 없음),보상/근태,기업복리후생,개인연금운영(납입액 변경),개인연금 납입액 변경 접수,DW,납입액 변경 신청 자동 접수,L5→L6,T08,1
보상/근태,기업복리후생,개인연금운영(납입액 변경),(데이터 없음),보상/근태,기업복리후생,개인연금운영(납입액 변경),개인연금 납입액 변경 등록,DW,변경된 납입액 시스템 등록,L5→L6,T08,2
보상/근태,기업복리후생,의료비,(데이터 없음),보상/근태,기업복리후생,의료비,의료비 지급 신청 접수,DW,의료비 지급 신청 자동 접수,L5→L6,T08,1
보상/근태,기업복리후생,의료비,(데이터 없음),보상/근태,기업복리후생,의료비,의료비 지급 처리 등록,DW,Workday 의료비 지급 등록,L5→L6,T08,2
보상/근태,기업복리후생,학자금,(데이터 없음),보상/근태,기업복리후생,학자금,학자금 지원 신청 접수,DW,학자금 지원 신청 자동 접수,L5→L6,T08,1
보상/근태,기업복리후생,학자금,(데이터 없음),보상/근태,기업복리후생,학자금,학자금 지급 처리 등록,DW,Workday 학자금 지급 등록,L5→L6,T08,2
보상/근태,기업복리후생,워터파크,(데이터 없음),보상/근태,기업복리후생,워터파크,워터파크 이용 신청 접수,DW,이용 신청 자동 접수,L5→L6,T12,1
보상/근태,기업복리후생,워터파크,(데이터 없음),보상/근태,기업복리후생,워터파크,워터파크 이용권 발송,DW,이용권 자동 발송,L5→L6,T12,2
보상/근태,기업복리후생,휴양소,(데이터 없음),보상/근태,기업복리후생,휴양소,휴양소 이용 신청 접수,DW,휴양소 이용 신청 자동 접수,L5→L6,T12,1
보상/근태,기업복리후생,휴양소,(데이터 없음),보상/근태,기업복리후생,휴양소,휴양소 이용 확정 발송,DW,이용 확정 자동 발송,L5→L6,T12,2
보상/근태,기업복리후생,대부금,(데이터 없음),보상/근태,기업복리후생,대부금,대부금 신청 접수,DW,대부금 신청 자동 접수,L5→L6,T08,1
보상/근태,기업복리후생,대부금,(데이터 없음),보상/근태,기업복리후생,대부금,대부금 지급 승인,HR,대부금 지급 조건 검토 HR 승인,L5→L6,T08,2
보상/근태,기업복리후생,대부금,(데이터 없음),보상/근태,기업복리후생,대부금,대부금 지급 등록,DW,Workday 대부금 지급 등록,L5→L6,T08,3
보상/근태,기업복리후생,임직원검진,(데이터 없음),보상/근태,기업복리후생,임직원검진,임직원검진 대상자 명단 추출,DW,건강검진 대상자 자동 추출,L5→L6,T12,1
보상/근태,기업복리후생,임직원검진,(데이터 없음),보상/근태,기업복리후생,임직원검진,임직원검진 일정 안내문 발송,DW,건강검진 일정 자동 발송,L5→L6,T12,2
보상/근태,근태운영 및 관리,근무형태 생성,(데이터 없음),보상/근태,근태운영 및 관리,근무형태 생성,근무형태 시스템 등록,DW,Workday 근무형태 등록,L5→L6,T08,1
보상/근태,근태운영 및 관리,근무유형생성,(데이터 없음),보상/근태,근태운영 및 관리,근무유형생성,근무유형 시스템 등록,DW,Workday 근무유형 등록,L5→L6,T08,1
보상/근태,근태운영 및 관리,Office근무시간오류관리,(데이터 없음),보상/근태,근태운영 및 관리,Office근무시간오류관리,근무시간 오류 명단 추출,DW,근무시간 오류 자동 추출,L5→L6,T08,1
보상/근태,근태운영 및 관리,Office근무시간오류관리,(데이터 없음),보상/근태,근태운영 및 관리,Office근무시간오류관리,근무시간 오류 조치 확정,HR,오류 원인 검토 후 HR 조치 확정,L5→L6,T08,2
보상/근태,근태운영 및 관리,초과근무시간반영,(데이터 없음),보상/근태,근태운영 및 관리,초과근무시간반영,초과근무시간 반영 처리 등록,DW,Workday 초과근무 자동 반영,L5→L6,T08,1
보상/근태,근태운영 및 관리,일반근태,(데이터 없음),보상/근태,근태운영 및 관리,일반근태,일반 근태 현황 추출,DW,Workday 근태 현황 자동 추출,L5→L6,T08,1
보상/근태,근태운영 및 관리,임직원휴가생성,(데이터 없음),보상/근태,근태운영 및 관리,임직원휴가생성,임직원 휴가 시스템 등록,DW,Workday 임직원 휴가 자동 등록,L5→L6,T08,1
노사,조직문화,Change Agent,(데이터 없음),노사,조직문화,Change Agent,Change Agent 후보 명단 확정,HR,Change Agent 선발 기준 HR 확정,L5→L6,T10,1
노사,조직문화,Change Agent,(데이터 없음),노사,조직문화,Change Agent,Change Agent 활동 결과 취합,HR,Change Agent 활동 HR 수행·결과 취합,L5→L6,T10,2
노사,조직문화,SCI 진단,(데이터 없음),노사,조직문화,SCI 진단,SCI 진단 대상자 명단 추출,DW,SCI 진단 대상자 시스템 추출,L5→L6,T09,1
노사,조직문화,SCI 진단,(데이터 없음),노사,조직문화,SCI 진단,SCI 진단 결과 분석 보고서 확정,HR,SCI 진단 결과 분석 보고서 HR 확정,L5→L6,T09,2
노사,조직문화,Culture Week,(데이터 없음),노사,조직문화,Culture Week,Culture Week 운영 계획 확정,HR,Culture Week 운영 기획 HR 확정,L5→L6,T04,1
노사,조직문화,Culture Week,(데이터 없음),노사,조직문화,Culture Week,Culture Week 운영 결과 취합,HR,Culture Week 행사 운영 HR 수행,L5→L6,T04,2
노사,조직문화,타운홀미팅,(데이터 없음),노사,조직문화,타운홀미팅,타운홀미팅 운영 계획 확정,HR,타운홀미팅 일정·의제 HR 확정,L5→L6,T04,1
노사,조직문화,타운홀미팅,(데이터 없음),노사,조직문화,타운홀미팅,타운홀미팅 결과 취합,HR,타운홀미팅 HR 주관·결과 취합,L5→L6,T04,2
노사,조직문화,My Pulse 서베이,(데이터 없음),노사,조직문화,My Pulse 서베이,My Pulse 서베이 대상자 명단 추출,DW,서베이 대상자 시스템 추출,L5→L6,T09,1
노사,조직문화,My Pulse 서베이,(데이터 없음),노사,조직문화,My Pulse 서베이,My Pulse 서베이 결과 분석 보고서 확정,HR,서베이 결과 분석 보고서 HR 확정,L5→L6,T09,2
노사,협의회,협의위원,(데이터 없음),노사,협의회,협의위원,협의위원 명단 확정,HR,협의위원 선출·확정 HR 주관,L5→L6,T08,1
노사,협의회,협의위원,(데이터 없음),노사,협의회,협의위원,협의위원 명단 등록,DW,시스템 협의위원 명단 등록,L5→L6,T08,2
노사,협의회,정기협의회,(데이터 없음),노사,협의회,정기협의회,정기협의회 운영 계획 확정,HR,협의회 일정·의제 HR 확정,L5→L6,T04,1
노사,협의회,정기협의회,(데이터 없음),노사,협의회,정기협의회,정기협의회 회의록 확정,HR,협의회 결과 회의록 HR 확정,L5→L6,T04,2
노사,협의회,사업장 행사,(데이터 없음),노사,협의회,사업장 행사,사업장 행사 운영 계획 확정,HR,행사 기획 HR 확정,L5→L6,T04,1
노사,협의회,사업장 행사,(데이터 없음),노사,협의회,사업장 행사,사업장 행사 운영 결과 취합,HR,행사 운영 HR 주관,L5→L6,T04,2
노사,협의회,여가지원 행사,(데이터 없음),노사,협의회,여가지원 행사,여가지원 행사 운영 계획 확정,HR,여가지원 행사 기획 HR 확정,L5→L6,T04,1
노사,협의회,여가지원 행사,(데이터 없음),노사,협의회,여가지원 행사,여가지원 행사 운영 결과 취합,HR,여가지원 행사 HR 주관,L5→L6,T04,2
노사,노동조합,조합관리,(데이터 없음),노사,노동조합,조합관리,조합원 현황 추출,DW,조합원 현황 시스템 추출,L5→L6,T08,1
노사,노동조합,조합관리,(데이터 없음),노사,노동조합,조합관리,조합원 관리 현황 확정,HR,조합원 변동 사항 HR 확정,L5→L6,T08,2
노사,노동조합,교섭창구,(데이터 없음),노사,노동조합,교섭창구,교섭창구 단일화 결과 확정,HR,교섭창구 단일화 절차 HR 주관,L5→L6,T11,1
노사,노동조합,단체교섭,(데이터 없음),노사,노동조합,단체교섭,교섭 요구안 취합,HR,노조 교섭 요구안 HR 취합,L5→L6,T11,1
노사,노동조합,단체교섭,(데이터 없음),노사,노동조합,단체교섭,단체교섭 합의안 확정,HR,단체교섭 협의 후 합의안 HR 확정,L5→L6,T11,2
노사,노동조합,분쟁조정,(데이터 없음),노사,노동조합,분쟁조정,분쟁조정 신청 접수,DW,분쟁조정 신청 자동 접수,L5→L6,T11,1
노사,노동조합,분쟁조정,(데이터 없음),노사,노동조합,분쟁조정,분쟁조정 결과 확정,HR,분쟁조정 결과 HR 확정,L5→L6,T11,2
노사,노동조합,쟁의행위,(데이터 없음),노사,노동조합,쟁의행위,쟁의행위 대응 방안 확정,HR,쟁의행위 대응 방향 HR 확정,L5→L6,T11,1
노사,노동조합,단체협약,(데이터 없음),노사,노동조합,단체협약,단체협약 합의안 확정,HR,단체협약 협의 후 합의안 HR 확정,L5→L6,T11,1
노사,노동조합,단체협약,(데이터 없음),노사,노동조합,단체협약,단체협약서 발행,HR,단체협약서 공식 발행,L5→L6,T11,2
노사,ER,직장내괴롭힘,(데이터 없음),노사,ER,직장내괴롭힘,괴롭힘 신고 접수,DW,신고 시스템 자동 접수,L5→L6,T02,1
노사,ER,직장내괴롭힘,(데이터 없음),노사,ER,직장내괴롭힘,괴롭힘 조사 결과 확정,HR,조사·면담 후 결과 HR 확정,L5→L6,T02,2
노사,ER,희망퇴직,(데이터 없음),노사,ER,희망퇴직,희망퇴직 신청 접수,DW,희망퇴직 신청 자동 접수,L5→L6,T06,1
노사,ER,희망퇴직,(데이터 없음),노사,ER,희망퇴직,희망퇴직 대상자 명단 확정,HR,신청자 심사 후 HR 최종 확정,L5→L6,T06,2
노사,ER,동향파악,(데이터 없음),노사,ER,동향파악,노사 동향 조사 결과 취합,HR,현장 동향 파악 HR 수행,L5→L6,T09,1
노사,ER,마음건강,(데이터 없음),노사,ER,마음건강,마음건강 프로그램 운영 계획 확정,HR,마음건강 지원 프로그램 HR 기획,L5→L6,T10,1
노사,ER,마음건강,(데이터 없음),노사,ER,마음건강,마음건강 프로그램 운영 결과 취합,HR,프로그램 운영 HR 주관,L5→L6,T10,2
노사,ER,상호존중문화,(데이터 없음),노사,ER,상호존중문화,상호존중문화 캠페인 계획 확정,HR,캠페인 기획 HR 확정,L5→L6,T10,1
노사,ER,상호존중문화,(데이터 없음),노사,ER,상호존중문화,상호존중문화 캠페인 결과 취합,HR,캠페인 운영 HR 주관,L5→L6,T10,2
노사,ER,여성ER,(데이터 없음),노사,ER,여성ER,여성ER 프로그램 운영 계획 확정,HR,여성ER 지원 방안 HR 확정,L5→L6,T10,1
노사,ER,여성ER,(데이터 없음),노사,ER,여성ER,여성ER 프로그램 운영 결과 취합,HR,여성ER 프로그램 HR 주관,L5→L6,T10,2
노사,ER,생일자 기념쿠키 지급,(데이터 없음),노사,ER,생일자 기념쿠키 지급,생일자 명단 추출,DW,월별 생일자 자동 추출,L5→L6,T13,1
노사,ER,생일자 기념쿠키 지급,(데이터 없음),노사,ER,생일자 기념쿠키 지급,생일 쿠키 발송,SSC,물리적 쿠키 발송 — SSC 검토,L5→L6,T13,2
노사,사건사고 관리,면담질문지 준비,(데이터 없음),노사,사건사고 관리,면담질문지 준비,면담질문지 확정,HR,사건 맞춤 면담질문지 HR 작성·확정,L5→L6,T01,1
노사,사건사고 관리,면담기록/요약,(데이터 없음),노사,사건사고 관리,면담기록/요약,면담 기록·요약 확정,HR,면담 결과 기록 HR 확정,L5→L6,T03,1
노사,사건사고 관리,유사사례 및 판례 확인,(데이터 없음),노사,사건사고 관리,유사사례 및 판례 확인,유사사례·판례 취합,DW,DB 유사사례·판례 자동 추출,L5→L6,T09,1
노사,사건사고 관리,징계양정 제안,(데이터 없음),노사,사건사고 관리,징계양정 제안,징계양정 제안안 확정,HR,유사사례 참조 징계양정 제안 HR 확정,L5→L6,T02,1
총무,사내 서비스 운영,날인 및 증명서 관리,(데이터 없음),총무,사내 서비스 운영,날인 및 증명서 관리,날인·증명서 발급 신청 접수,DW,날인·증명서 신청 자동 접수,L5→L6,T12,1
총무,사내 서비스 운영,날인 및 증명서 관리,(데이터 없음),총무,사내 서비스 운영,날인 및 증명서 관리,날인·증명서 발급 승인,HR,발급 내용 확인 후 HR 승인,L5→L6,T12,2
총무,사내 서비스 운영,사내 화물 운영,(데이터 없음),총무,사내 서비스 운영,사내 화물 운영,사내 화물 운송 요청 접수,DW,사내 화물 운송 신청 자동 접수,L5→L6,T12,1
총무,사내 서비스 운영,사내 화물 운영,(데이터 없음),총무,사내 서비스 운영,사내 화물 운영,사내 화물 운송 실시,SSC,물리적 화물 운송 SSC 처리,L5→L6,T12,2
총무,사내 서비스 운영,안내데스크 운영,(데이터 없음),총무,사내 서비스 운영,안내데스크 운영,안내데스크 운영 현황 확정,HR,안내데스크 운영 기준 HR 확정,L5→L6,T12,1
총무,사내 서비스 운영,안내데스크 운영,(데이터 없음),총무,사내 서비스 운영,안내데스크 운영,안내데스크 서비스 제공,SSC,현장 안내데스크 SSC 운영,L5→L6,T12,2
총무,사내 서비스 운영,대외유관 기관/업체 운영,(데이터 없음),총무,사내 서비스 운영,대외유관 기관/업체 운영,대외 유관기관 협조 요청 발송,DW,유관기관 협조 요청 자동 발송,L5→L6,T12,1
총무,사내 서비스 운영,대외유관 기관/업체 운영,(데이터 없음),총무,사내 서비스 운영,대외유관 기관/업체 운영,대외 유관기관 협력 결과 확정,HR,유관기관 협력 결과 HR 확정,L5→L6,T12,2
총무,사내 서비스 운영,사내 전화(e-Calling) 운영,(데이터 없음),총무,사내 서비스 운영,사내 전화(e-Calling) 운영,사내 전화 시스템 설정 등록,DW,e-Calling 시스템 설정 등록,L5→L6,T12,1
총무,사내 인프라 관리,사무실 레이아웃 관리,(데이터 없음),총무,사내 인프라 관리,사무실 레이아웃 관리,사무실 레이아웃 변경안 확정,HR,레이아웃 변경 기준 HR 확정,L5→L6,T12,1
총무,사내 인프라 관리,사무실 레이아웃 관리,(데이터 없음),총무,사내 인프라 관리,사무실 레이아웃 관리,사무실 레이아웃 변경 실시,SSC,물리적 레이아웃 변경 SSC 처리,L5→L6,T12,2
총무,사내 인프라 관리,피트니스 관리,(데이터 없음),총무,사내 인프라 관리,피트니스 관리,피트니스 이용 신청 접수,DW,피트니스 이용 신청 자동 접수,L5→L6,T12,1
총무,사내 인프라 관리,피트니스 관리,(데이터 없음),총무,사내 인프라 관리,피트니스 관리,피트니스 서비스 제공,SSC,피트니스 시설 운영 SSC 처리,L5→L6,T12,2
총무,사내 인프라 관리,사내식당 관리,(데이터 없음),총무,사내 인프라 관리,사내식당 관리,사내식당 운영 기준 확정,HR,식당 운영 기준·협력사 관리 HR 확정,L5→L6,T12,1
총무,사내 인프라 관리,사내식당 관리,(데이터 없음),총무,사내 인프라 관리,사내식당 관리,사내식당 서비스 제공,SSC,사내식당 일상 운영 SSC 처리,L5→L6,T12,2
총무,사내 인프라 관리,주차장 관리,(데이터 없음),총무,사내 인프라 관리,주차장 관리,주차장 이용 신청 접수,DW,주차장 이용 신청 자동 접수,L5→L6,T12,1
총무,사내 인프라 관리,주차장 관리,(데이터 없음),총무,사내 인프라 관리,주차장 관리,주차장 서비스 제공,SSC,주차장 일상 운영 SSC 처리,L5→L6,T12,2
총무,사내 인프라 관리,숙박시설 운영 (기숙사 포레스트),(데이터 없음),총무,사내 인프라 관리,숙박시설 운영 (기숙사 포레스트),숙박시설 이용 신청 접수,DW,숙박시설 이용 신청 자동 접수,L5→L6,T12,1
총무,사내 인프라 관리,숙박시설 운영 (기숙사 포레스트),(데이터 없음),총무,사내 인프라 관리,숙박시설 운영 (기숙사 포레스트),숙박시설 서비스 제공,SSC,숙박시설 일상 운영 SSC 처리,L5→L6,T12,2
총무,사내 인프라 관리,회의실 운영,(데이터 없음),총무,사내 인프라 관리,회의실 운영,회의실 예약 현황 추출,DW,회의실 예약 현황 자동 추출,L5→L6,T12,1
총무,사내 인프라 관리,회의실 운영,(데이터 없음),총무,사내 인프라 관리,회의실 운영,회의실 서비스 제공,SSC,회의실 청소·세팅 SSC 처리,L5→L6,T12,2
총무,사내 인프라 관리,외부 사무실 운영,(데이터 없음),총무,사내 인프라 관리,외부 사무실 운영,외부 사무실 운영 기준 확정,HR,외부 사무실 계약·운영 기준 HR 확정,L5→L6,T12,1
총무,사내 인프라 관리,외부 사무실 운영,(데이터 없음),총무,사내 인프라 관리,외부 사무실 운영,외부 사무실 서비스 제공,SSC,외부 사무실 일상 운영 SSC 처리,L5→L6,T12,2
총무,사내 인프라 관리,사택 관리,(데이터 없음),총무,사내 인프라 관리,사택 관리,사택 입주 신청 접수,DW,사택 입주 신청 자동 접수,L5→L6,T12,1
총무,사내 인프라 관리,사택 관리,(데이터 없음),총무,사내 인프라 관리,사택 관리,사택 서비스 제공,SSC,사택 일상 운영 SSC 처리,L5→L6,T12,2
총무,사내 인프라 관리,비품 관리,(데이터 없음),총무,사내 인프라 관리,비품 관리,비품 신청 접수,DW,비품 신청 자동 접수,L5→L6,T12,1
총무,사내 인프라 관리,비품 관리,(데이터 없음),총무,사내 인프라 관리,비품 관리,비품 지급 실시,SSC,비품 배부 SSC 처리,L5→L6,T12,2
총무,사내 인프라 관리,임직원 사진관리,(데이터 없음),총무,사내 인프라 관리,임직원 사진관리,임직원 사진 촬영 일정 안내문 발송,DW,사진 촬영 일정 자동 안내,L5→L6,T08,1
총무,사내 인프라 관리,임직원 사진관리,(데이터 없음),총무,사내 인프라 관리,임직원 사진관리,임직원 사진 시스템 등록,DW,Workday 임직원 사진 등록,L5→L6,T08,2
총무,사내 인프라 관리,건물 관리 (공조 등),(데이터 없음),총무,사내 인프라 관리,건물 관리 (공조 등),건물 설비 유지보수 요청 접수,DW,유지보수 신청 자동 접수,L5→L6,T12,1
총무,사내 인프라 관리,건물 관리 (공조 등),(데이터 없음),총무,사내 인프라 관리,건물 관리 (공조 등),건물 설비 유지보수 실시,SSC,건물 설비 유지보수 SSC 처리,L5→L6,T12,2
총무,임직원 지원,임원 지원,(데이터 없음),총무,임직원 지원,임원 지원,임원 지원 요청 접수,DW,임원 지원 요청 자동 접수,L5→L6,T12,1
총무,임직원 지원,임원 지원,(데이터 없음),총무,임직원 지원,임원 지원,임원 지원 서비스 제공,SSC,임원 의전·지원 SSC 처리,L5→L6,T12,2
총무,임직원 지원,임직원 출장지원,(데이터 없음),총무,임직원 지원,임직원 출장지원,출장 신청 접수,DW,출장 신청 자동 접수,L5→L6,T12,1
총무,임직원 지원,임직원 출장지원,(데이터 없음),총무,임직원 지원,임직원 출장지원,출장 지원 실시,SSC,항공·숙박 등 출장 지원 SSC 처리,L5→L6,T12,2
총무,차량 관리,법인 차량 관리,(데이터 없음),총무,차량 관리,법인 차량 관리,법인 차량 이용 신청 접수,DW,법인 차량 신청 자동 접수,L5→L6,T12,1
총무,차량 관리,법인 차량 관리,(데이터 없음),총무,차량 관리,법인 차량 관리,법인 차량 서비스 제공,SSC,법인 차량 일상 운영 SSC 처리,L5→L6,T12,2
총무,차량 관리,운전기사 관리,(데이터 없음),총무,차량 관리,운전기사 관리,운전기사 운영 기준 확정,HR,운전기사 관리 기준 HR 확정,L5→L6,T12,1
총무,차량 관리,운전기사 관리,(데이터 없음),총무,차량 관리,운전기사 관리,운전기사 서비스 제공,SSC,운전기사 일상 운영 SSC 처리,L5→L6,T12,2
총무,차량 관리,업무버스 관리,(데이터 없음),총무,차량 관리,업무버스 관리,업무버스 이용 신청 접수,DW,업무버스 신청 자동 접수,L5→L6,T12,1
총무,차량 관리,업무버스 관리,(데이터 없음),총무,차량 관리,업무버스 관리,업무버스 서비스 제공,SSC,업무버스 일상 운영 SSC 처리,L5→L6,T12,2
총무,협력사 관리,입점업체 운영,(데이터 없음),총무,협력사 관리,입점업체 운영,입점업체 운영 기준 확정,HR,입점업체 계약·기준 HR 확정,L5→L6,T12,1
총무,협력사 관리,입점업체 운영,(데이터 없음),총무,협력사 관리,입점업체 운영,입점업체 서비스 제공,SSC,입점업체 일상 관리 SSC 처리,L5→L6,T12,2
총무,협력사 관리,상주협력사 관리,(데이터 없음),총무,협력사 관리,상주협력사 관리,상주협력사 관리 기준 확정,HR,상주협력사 계약·기준 HR 확정,L5→L6,T12,1
총무,협력사 관리,상주협력사 관리,(데이터 없음),총무,협력사 관리,상주협력사 관리,상주협력사 서비스 제공,SSC,상주협력사 일상 관리 SSC 처리,L5→L6,T12,2
총무,공통,파견자 문의 대응,(데이터 없음),총무,공통,파견자 문의 대응,파견자 문의 응답 발송,DW,챗봇·자동 응답 파견자 문의 처리,L5→L6,T12,1
해외인사,공통,주재원 인사(양성),(데이터 없음),해외인사,공통,주재원 인사(양성),주재원 양성 대상자 명단 확정,HR,주재원 양성 후보 HR 확정,L5→L6,T06,1
해외인사,공통,주재원 인사(양성),(데이터 없음),해외인사,공통,주재원 인사(양성),주재원 양성 교육 계획 확정,HR,주재원 양성 커리큘럼·일정 HR 확정,L5→L6,T06,2
해외인사,인력운영,주재원 인사(선발/부임),(데이터 없음),해외인사,인력운영,주재원 인사(선발/부임),주재원 선발 후보 명단 확정,HR,주재원 선발 기준 적용 HR 확정,L5→L6,T06,1
해외인사,인력운영,주재원 인사(선발/부임),(데이터 없음),해외인사,인력운영,주재원 인사(선발/부임),주재원 부임 발령 등록,DW,Workday 주재원 부임 발령 등록,L5→L6,T06,2
해외인사,인력운영,주재원 인사(관리),(데이터 없음),해외인사,인력운영,주재원 인사(관리),주재원 재임 중 현황 추출,DW,Workday 주재원 현황 자동 추출,L5→L6,T06,1
해외인사,인력운영,주재원 인사(관리),(데이터 없음),해외인사,인력운영,주재원 인사(관리),주재원 관리 조치 확정,HR,주재원 성과·행정 관리 HR 확정,L5→L6,T06,2
해외인사,인력운영,주재원 인사(귀임),(데이터 없음),해외인사,인력운영,주재원 인사(귀임),주재원 귀임 일정 안내문 발송,DW,귀임 일정·절차 자동 발송,L5→L6,T06,1
해외인사,인력운영,주재원 인사(귀임),(데이터 없음),해외인사,인력운영,주재원 인사(귀임),주재원 귀임 발령 등록,DW,Workday 귀임 발령 등록,L5→L6,T06,2
해외인사,인력운영,STEP 운영,(데이터 없음),해외인사,인력운영,STEP 운영,STEP 참가자 명단 확정,HR,STEP 프로그램 참가자 HR 확정,L5→L6,T05,1
해외인사,인력운영,STEP 운영,(데이터 없음),해외인사,인력운영,STEP 운영,STEP 운영 결과 취합,HR,STEP 운영 결과 HR 취합,L5→L6,T05,2
해외인사,인력운영,양성 파견 운영(현지/STEP),(데이터 없음),해외인사,인력운영,양성 파견 운영(현지/STEP),양성 파견 대상자 명단 확정,HR,파견 대상자 기준 HR 확정,L5→L6,T05,1
해외인사,인력운영,양성 파견 운영(현지/STEP),(데이터 없음),해외인사,인력운영,양성 파견 운영(현지/STEP),양성 파견 결과 취합,HR,파견 중 관리·귀임 결과 HR 취합,L5→L6,T05,2
해외인사,인력운영,파견 인력 부임/귀임,(데이터 없음),해외인사,인력운영,파견 인력 부임/귀임,파견 인력 부임·귀임 발령 등록,DW,Workday 파견 발령 등록,L5→L6,T06,1
해외인사,인력운영,지표 관리,(데이터 없음),해외인사,인력운영,지표 관리,해외인사 지표 추출,DW,해외인사 지표 자동 추출,L5→L6,T09,1
해외인사,인력운영,지표 관리,(데이터 없음),해외인사,인력운영,지표 관리,해외인사 지표 보고서 확정,HR,해외인사 지표 분석 보고서 HR 확정,L5→L6,T09,2
해외인사,인력운영,조직 관리,(데이터 없음),해외인사,인력운영,조직 관리,해외 조직도 변경안 확정,HR,해외 조직 변경 HR 확정,L5→L6,T01,1
해외인사,임원인사,VP 승격,(데이터 없음),해외인사,임원인사,VP 승격,VP 승격 후보 명단 확정,HR,VP 승격 기준 적용 HR 확정,L5→L6,T06,1
해외인사,임원인사,VP 승격,(데이터 없음),해외인사,임원인사,VP 승격,VP 승격 발령 등록,DW,Workday VP 승격 발령 등록,L5→L6,T06,2
해외인사,임원인사,현채인 평가,(데이터 없음),해외인사,임원인사,현채인 평가,현채인 평가 결과 취합,HR,현채인 평가 HR 수행·결과 취합,L5→L6,T02,1
해외인사,임원인사,현채인 평가,(데이터 없음),해외인사,임원인사,현채인 평가,현채인 평가 결과 확정,HR,평가 결과 HR 최종 확정,L5→L6,T02,2
해외인사,주재원 제도,평가 운영,(데이터 없음),해외인사,주재원 제도,평가 운영,주재원 평가 결과 취합,HR,주재원 평가 HR 수행,L5→L6,T02,1
해외인사,주재원 제도,평가 운영,(데이터 없음),해외인사,주재원 제도,평가 운영,주재원 평가 결과 확정,HR,주재원 평가 결과 HR 확정,L5→L6,T02,2
해외인사,주재원 제도,승격 운영,(데이터 없음),해외인사,주재원 제도,승격 운영,주재원 승격 후보 명단 확정,HR,주재원 승격 기준 HR 확정,L5→L6,T06,1
해외인사,주재원 제도,승격 운영,(데이터 없음),해외인사,주재원 제도,승격 운영,주재원 승격 발령 등록,DW,Workday 주재원 승격 발령 등록,L5→L6,T06,2
해외인사,주재원 제도,시상 운영,(데이터 없음),해외인사,주재원 제도,시상 운영,주재원 수상자 명단 확정,HR,주재원 시상 기준 HR 확정,L5→L6,T02,1
해외인사,주재원 제도,시상 운영,(데이터 없음),해외인사,주재원 제도,시상 운영,주재원 시상 결과 안내문 발송,DW,주재원 시상 결과 자동 발송,L5→L6,T02,2
해외인사,주재원 제도,징계 관리,(데이터 없음),해외인사,주재원 제도,징계 관리,주재원 징계 사안 검토 결과 확정,HR,주재원 징계 기준 HR 확정,L5→L6,T02,1
해외인사,보상,인센티브 지급조직 정비,(데이터 없음),해외인사,보상,인센티브 지급조직 정비,인센티브 지급조직 현황 추출,DW,주재원 인센티브 대상조직 자동 추출,L5→L6,T01,1
해외인사,보상,인센티브 지급조직 정비,(데이터 없음),해외인사,보상,인센티브 지급조직 정비,인센티브 지급조직 확정,HR,인센티브 지급조직 HR 확정,L5→L6,T01,2
해외인사,채용,재입사 기준 관리,(데이터 없음),해외인사,채용,재입사 기준 관리,재입사 기준안 확정,HR,재입사 허용 기준 HR 확정,L5→L6,T01,1
해외인사,채용,현지 한국인 채용 관리,(데이터 없음),해외인사,채용,현지 한국인 채용 관리,현지 한국인 채용 후보 명단 확정,HR,현지 한국인 채용 기준 HR 확정,L5→L6,T02,1
해외인사,채용,현지 한국인 채용 관리,(데이터 없음),해외인사,채용,현지 한국인 채용 관리,현지 한국인 채용 결과 안내문 발송,DW,채용 결과 자동 발송,L5→L6,T02,2
해외인사,교육/양성,글로벌 리더 양성 교육,(데이터 없음),해외인사,교육/양성,글로벌 리더 양성 교육,글로벌 리더 양성 대상자 명단 확정,HR,글로벌 리더 선발 기준 HR 확정,L5→L6,T05,1
해외인사,교육/양성,글로벌 리더 양성 교육,(데이터 없음),해외인사,교육/양성,글로벌 리더 양성 교육,글로벌 리더 양성 교육 결과 취합,HR,양성 교육 결과 HR 취합,L5→L6,T05,2
해외인사,교육/양성,거점장(법인장) 교육,(데이터 없음),해외인사,교육/양성,거점장(법인장) 교육,거점장 교육 대상자 명단 확정,HR,거점장 교육 대상 HR 확정,L5→L6,T05,1
해외인사,교육/양성,거점장(법인장) 교육,(데이터 없음),해외인사,교육/양성,거점장(법인장) 교육,거점장 교육 결과 취합,HR,거점장 교육 결과 HR 취합,L5→L6,T05,2
해외인사,교육/양성,주재원 교육,(데이터 없음),해외인사,교육/양성,주재원 교육,주재원 교육 대상자 명단 확정,HR,주재원 교육 대상 HR 확정,L5→L6,T05,1
해외인사,교육/양성,주재원 교육,(데이터 없음),해외인사,교육/양성,주재원 교육,주재원 교육 결과 취합,HR,주재원 교육 결과 HR 취합,L5→L6,T05,2
해외인사,노사관리,컨설팅 진단,(데이터 없음),해외인사,노사관리,컨설팅 진단,해외 노사 컨설팅·진단 결과 취합,HR,해외 노사 컨설팅·진단 HR 수행,L5→L6,T09,1
해외인사,노사관리,사건사고 관리,(데이터 없음),해외인사,노사관리,사건사고 관리,해외 사건사고 조사 결과 확정,HR,해외 사건사고 조사 HR 확정,L5→L6,T02,1
해외인사,M&A,(실사) 실사문서 분류,(데이터 없음),해외인사,M&A,(실사) 실사문서 분류,실사문서 분류 결과 취합,DW,AI 기반 실사문서 분류 취합,L5→L6,T08,1
해외인사,M&A,(실사) 실사문서 독해,(데이터 없음),해외인사,M&A,(실사) 실사문서 독해,실사문서 핵심 내용 취합,HR,실사문서 독해·요약 HR 수행,L5→L6,T09,1
해외인사,M&A,(실사) 실사결과 분석,(데이터 없음),해외인사,M&A,(실사) 실사결과 분석,실사 결과 분석 보고서 확정,HR,실사 결과 분석 보고서 HR 확정,L5→L6,T09,1
해외인사,M&A,(실사) 시사점 도출 및 보고,(데이터 없음),해외인사,M&A,(실사) 시사점 도출 및 보고,실사 시사점 보고서 확정,HR,실사 시사점 도출 보고서 HR 확정,L5→L6,T09,1
해외인사,M&A,(PMI) 계획 수립,(데이터 없음),해외인사,M&A,(PMI) 계획 수립,PMI 계획서 확정,HR,PMI 실행 계획서 HR 확정,L5→L6,T01,1
해외인사,M&A,(PMI) Best Practice 분석,(데이터 없음),해외인사,M&A,(PMI) Best Practice 분석,PMI Best Practice 분석 결과 취합,HR,Best Practice 분석 HR 수행,L5→L6,T09,1
해외인사,M&A,(자회사 운영) 운영 유형 결정,(데이터 없음),해외인사,M&A,(자회사 운영) 운영 유형 결정,자회사 운영 유형 확정,HR,자회사 운영 유형 HR 확정,L5→L6,T01,1
해외인사,M&A,(자회사 운영) 운영 방식 개선,(데이터 없음),해외인사,M&A,(자회사 운영) 운영 방식 개선,자회사 운영 방식 개선안 확정,HR,자회사 운영 방식 개선 HR 확정,L5→L6,T01,1
기획,주요 회의체 운영,전사 인사담당 임원회의,(데이터 없음),기획,주요 회의체 운영,전사 인사담당 임원회의,인사담당 임원회의 안건 확정,HR,회의 안건·자료 HR 확정,L5→L6,T04,1
기획,주요 회의체 운영,전사 인사담당 임원회의,(데이터 없음),기획,주요 회의체 운영,전사 인사담당 임원회의,인사담당 임원회의 결과 취합,HR,회의 결과 HR 취합,L5→L6,T04,2
기획,주요 회의체 운영,People팀장 사업부 정례미팅,(데이터 없음),기획,주요 회의체 운영,People팀장 사업부 정례미팅,정례미팅 안건 확정,HR,정례미팅 안건·자료 HR 확정,L5→L6,T04,1
기획,주요 회의체 운영,People팀장 사업부 정례미팅,(데이터 없음),기획,주요 회의체 운영,People팀장 사업부 정례미팅,정례미팅 결과 취합,HR,정례미팅 결과 HR 취합,L5→L6,T04,2
기획,전략 수립,전사 인사전략 워크샵,(데이터 없음),기획,전략 수립,전사 인사전략 워크샵,인사전략 워크샵 결과 취합,HR,워크샵 HR 주관·결과 취합,L5→L6,T04,1
기획,전략 수립,전사 인사전략 워크샵,(데이터 없음),기획,전략 수립,전사 인사전략 워크샵,인사전략 워크샵 결과 보고서 확정,HR,워크샵 결과 기반 보고서 HR 확정,L5→L6,T04,2
기획,전략 수립,People팀 조직목표 수립,(데이터 없음),기획,전략 수립,People팀 조직목표 수립,People팀 조직목표 확정,HR,People팀 연간 조직목표 HR 확정,L5→L6,T01,1
기획,전략 수립,인사전략 수립,(데이터 없음),기획,전략 수립,인사전략 수립,인사전략 기초 데이터 추출,DW,인사 현황 기초 데이터 자동 추출,L5→L6,T01,1
기획,전략 수립,인사전략 수립,(데이터 없음),기획,전략 수립,인사전략 수립,인사전략 보고서 확정,HR,인사전략 분석 보고서 HR 확정,L5→L6,T01,2
기획,자료 작성,신임임원 등 경영진 교육자료 작성,(데이터 없음),기획,자료 작성,신임임원 등 경영진 교육자료 작성,경영진 교육자료 확정,HR,경영진 교육자료 HR 확정,L5→L6,T09,1
기획,자료 작성,주주총회 등 외부 행사 내 인사 관련 자료 작성,(데이터 없음),기획,자료 작성,주주총회 등 외부 행사 내 인사 관련 자료 작성,인사 관련 외부 행사 자료 확정,HR,외부 행사 인사 자료 HR 확정,L5→L6,T09,1
기획,자료 작성,팀 연간 업무일정표 및 주요일정 작성,(데이터 없음),기획,자료 작성,팀 연간 업무일정표 및 주요일정 작성,팀 연간 업무일정표 확정,HR,연간 업무일정·주요일정 HR 확정,L5→L6,T09,1
기획,자료 작성,간담회 등 인사현안/지표 자료 작성,(데이터 없음),기획,자료 작성,간담회 등 인사현안/지표 자료 작성,인사현안·지표 자료 추출,DW,인사 현안·지표 자동 추출,L5→L6,T09,1
기획,자료 작성,간담회 등 인사현안/지표 자료 작성,(데이터 없음),기획,자료 작성,간담회 등 인사현안/지표 자료 작성,인사현안·지표 자료 확정,HR,간담회용 자료 HR 확정,L5→L6,T09,2
기획,자료 작성,인사업무 지식 관리,(데이터 없음),기획,자료 작성,인사업무 지식 관리,인사업무 지식 DB 등록,DW,인사업무 지식·노하우 시스템 등록,L5→L6,T08,1
기획,자료 작성,People팀 조직 및 인력 현황 작성,(데이터 없음),기획,자료 작성,People팀 조직 및 인력 현황 작성,People팀 조직·인력 현황 추출,DW,People팀 인력 현황 자동 추출,L5→L6,T09,1
기획,자료 작성,People팀 조직 및 인력 현황 작성,(데이터 없음),기획,자료 작성,People팀 조직 및 인력 현황 작성,People팀 조직·인력 현황 보고서 확정,HR,People팀 현황 보고서 HR 확정,L5→L6,T09,2
기획,자료 작성,People팀 주간업무 작성,(데이터 없음),기획,자료 작성,People팀 주간업무 작성,People팀 주간업무 보고서 확정,HR,People팀 주간업무 HR 확정,L5→L6,T09,1
기획,People Analytics,데이터 분석,(데이터 없음),기획,People Analytics,데이터 분석,인사 데이터 분석 기초 자료 추출,DW,인사 데이터 자동 추출,L5→L6,T09,1
기획,People Analytics,데이터 분석,(데이터 없음),기획,People Analytics,데이터 분석,인사 데이터 분석 보고서 확정,HR,분석 결과 보고서 HR 확정,L5→L6,T09,2
기획,People Analytics,인사이트 발굴,(데이터 없음),기획,People Analytics,인사이트 발굴,인사 인사이트 발굴 결과 취합,HR,인사이트 발굴 HR 수행,L5→L6,T09,1
임원조직,인력운영,임원 석세션 플랜,(데이터 없음),임원조직,인력운영,임원 석세션 플랜,석세션 플랜 후보군 명단 확정,HR,석세션 후보 평가 기준 HR 확정,L5→L6,T01,1
임원조직,인력운영,임원 석세션 플랜,(데이터 없음),임원조직,인력운영,임원 석세션 플랜,석세션 플랜 확정,HR,석세션 플랜 HR 최종 확정,L5→L6,T01,2
임원조직,인력운영,임원 피드백 면담,(데이터 없음),임원조직,인력운영,임원 피드백 면담,임원 피드백 면담 결과 취합,HR,임원 대상 피드백 면담 HR 수행,L5→L6,T03,1
임원조직,인력운영,핵심리더 선발,(데이터 없음),임원조직,인력운영,핵심리더 선발,핵심리더 후보 명단 확정,HR,핵심리더 선발 기준 HR 확정,L5→L6,T02,1
임원조직,인력운영,핵심리더 선발,(데이터 없음),임원조직,인력운영,핵심리더 선발,핵심리더 선발 결과 확정,HR,핵심리더 최종 선발 HR 확정,L5→L6,T02,2
임원조직,인력운영,임원 근원 및 인물평,(데이터 없음),임원조직,인력운영,임원 근원 및 인물평,임원 인물평 결과 취합,HR,임원 인물평 HR 수행·결과 취합,L5→L6,T09,1
임원조직,인력운영,조직도 작성,(데이터 없음),임원조직,인력운영,조직도 작성,임원 조직도 변경안 확정,HR,임원 조직도 변경 HR 확정,L5→L6,T08,1
임원조직,인력운영,조직도 작성,(데이터 없음),임원조직,인력운영,조직도 작성,임원 조직도 등록,DW,시스템 임원 조직도 등록,L5→L6,T08,2
임원조직,인력운영,임원 계약 및 퇴임,(데이터 없음),임원조직,인력운영,임원 계약 및 퇴임,임원 계약서 확정,HR,임원 계약 조건 HR 확정,L5→L6,T06,1
임원조직,인력운영,임원 계약 및 퇴임,(데이터 없음),임원조직,인력운영,임원 계약 및 퇴임,임원 퇴임 발령 등록,DW,Workday 임원 퇴임 발령 등록,L5→L6,T06,2
임원조직,인력운영,퇴임임원 후속조치,(데이터 없음),임원조직,인력운영,퇴임임원 후속조치,퇴임임원 후속조치 안내문 발송,DW,퇴임 후속 절차 안내 자동 발송,L5→L6,T06,1
임원조직,인력운영,퇴임임원 후속조치,(데이터 없음),임원조직,인력운영,퇴임임원 후속조치,퇴임임원 처우 확정,HR,퇴임 처우 조건 HR 확정,L5→L6,T06,2
임원조직,조직개편,정기 조직개편,(데이터 없음),임원조직,조직개편,정기 조직개편,정기 조직개편 안건 확정,HR,조직개편 방향·안건 HR 확정,L5→L6,T01,1
임원조직,조직개편,정기 조직개편,(데이터 없음),임원조직,조직개편,정기 조직개편,정기 조직개편 발령 등록,DW,Workday 조직개편 발령 등록,L5→L6,T01,2
임원조직,조직개편,수시 조직개편,(데이터 없음),임원조직,조직개편,수시 조직개편,수시 조직개편 안건 확정,HR,수시 조직개편 방향 HR 확정,L5→L6,T01,1
임원조직,조직개편,수시 조직개편,(데이터 없음),임원조직,조직개편,수시 조직개편,수시 조직개편 발령 등록,DW,Workday 수시 조직개편 발령 등록,L5→L6,T01,2
임원조직,교육/양성,SLP/TLP 과정,(데이터 없음),임원조직,교육/양성,SLP/TLP 과정,SLP/TLP 과정 대상자 명단 확정,HR,과정 참가자 기준 HR 확정,L5→L6,T05,1
임원조직,교육/양성,SLP/TLP 과정,(데이터 없음),임원조직,교육/양성,SLP/TLP 과정,SLP/TLP 과정 운영 결과 취합,HR,과정 운영 결과 HR 취합,L5→L6,T05,2
임원조직,교육/양성,임원 부부 명상과정,(데이터 없음),임원조직,교육/양성,임원 부부 명상과정,임원 부부 명상과정 대상자 명단 확정,HR,과정 참가자 HR 확정,L5→L6,T05,1
임원조직,교육/양성,임원 부부 명상과정,(데이터 없음),임원조직,교육/양성,임원 부부 명상과정,임원 부부 명상과정 운영 결과 취합,HR,과정 운영 결과 HR 취합,L5→L6,T05,2
임원조직,교육/양성,그룹장 양성과정,(데이터 없음),임원조직,교육/양성,그룹장 양성과정,그룹장 양성과정 대상자 명단 확정,HR,과정 참가자 기준 HR 확정,L5→L6,T05,1
임원조직,교육/양성,그룹장 양성과정,(데이터 없음),임원조직,교육/양성,그룹장 양성과정,그룹장 양성과정 운영 결과 취합,HR,과정 운영 결과 HR 취합,L5→L6,T05,2
