Activity_ID,L3,L4,L5,AS_IS_L6,TO_BE_L6,Token_Coverage,AS_Tokens,TO_Tokens,Issue
V2-L6-0001,교육,교육과정설계,Pilot과정 운영,대상자 선발,Pilot과정 운영 Pilot과정 결과 확정,0.00,선발,"Pilot과정,확정",창작/과치환 의심
V2-L6-0002,교육,교육과정설계,Pilot과정 운영,과정 운영,Pilot과정 운영 검토 의견 등록,0.00,과정,"Pilot과정,검토,등록,의견",창작/과치환 의심
V2-L6-0003,교육,교육과정설계,Pilot과정 운영,결과 분석/반영,Pilot과정 운영 수정본 등록,0.00,"반영,분석","Pilot과정,등록,수정본",창작/과치환 의심
V2-L6-0004,교육,교육과정설계,Pilot과정 운영,결과 분석/반영,Pilot과정 운영 승인 결재 승인 완료,0.00,"반영,분석","Pilot과정,결재,승인,완료",창작/과치환 의심
V2-L6-0005,교육,교육과정설계,커리큘럼 확정,내부 보고/품의,커리큘럼 확정 결과 확정,0.00,"내부,보고,품의","커리큘럼,확정",창작/과치환 의심
V2-L6-0006,교육,교육과정설계,커리큘럼 확정,내부 보고/품의,커리큘럼 확정 검토 의견 등록,0.00,"내부,보고,품의","검토,등록,의견,커리큘럼,확정",창작/과치환 의심
V2-L6-0007,교육,교육과정설계,커리큘럼 확정,내부 보고/품의,커리큘럼 확정 수정본 등록,0.00,"내부,보고,품의","등록,수정본,커리큘럼,확정",창작/과치환 의심
V2-L6-0008,교육,교육과정설계,커리큘럼 확정,내부 보고/품의,커리큘럼 확정 승인 결재 승인 완료,0.00,"내부,보고,품의","결재,승인,완료,커리큘럼,확정",창작/과치환 의심
V2-L6-0013,교육,교육과정설계,프로그램 운영방안 결정,교육 형태/기간,프로그램 운영방안 결정 결과 확정,0.00,"교육,기간,형태","결정,운영방안,프로그램,확정",창작/과치환 의심
V2-L6-0014,교육,교육과정설계,프로그램 운영방안 결정,신청/선발 방식,프로그램 운영방안 결정 검토 의견 등록,0.00,"방식,선발,신청","검토,결정,등록,운영방안,의견,프로그램",창작/과치환 의심
V2-L6-0015,교육,교육과정설계,프로그램 운영방안 결정,신청/선발 방식,프로그램 운영방안 결정 수정본 등록,0.00,"방식,선발,신청","결정,등록,수정본,운영방안,프로그램",창작/과치환 의심
V2-L6-0016,교육,교육과정설계,프로그램 운영방안 결정,신청/선발 방식,프로그램 운영방안 결정 승인 결재 승인 완료,0.00,"방식,선발,신청","결재,결정,승인,완료,운영방안,프로그램",창작/과치환 의심
V2-L6-0018,교육,교육니즈분석,교육대상 분석,특수 국적/언어 등,교육대상 분석 검토 의견 등록,0.00,"국적,언어,특수","검토,교육대상,등록,분석,의견",창작/과치환 의심
V2-L6-0021,교육,교육니즈분석,요구사항분석,경영진요구사항 분석,요구사항분석 결과 확정,0.00,"경영진요구사항,분석","요구사항분석,확정",창작/과치환 의심
V2-L6-0022,교육,교육니즈분석,요구사항분석,임직원 요구사항 분석,요구사항분석 검토 의견 등록,0.00,"분석,요구사항,임직원","검토,등록,요구사항분석,의견",창작/과치환 의심
V2-L6-0023,교육,교육니즈분석,요구사항분석,임직원 요구사항 분석,요구사항분석 수정본 등록,0.00,"분석,요구사항,임직원","등록,수정본,요구사항분석",창작/과치환 의심
V2-L6-0024,교육,교육니즈분석,요구사항분석,임직원 요구사항 분석,요구사항분석 승인 결재 승인 완료,0.00,"분석,요구사항,임직원","결재,승인,완료,요구사항분석",창작/과치환 의심
V2-L6-0025,교육,교육니즈분석,커리큘럼 기획,전년도 결과 리뷰/분석,커리큘럼 기획 커리큘럼 결과 확정,0.00,"리뷰,분석,전년도","기획,커리큘럼,확정",창작/과치환 의심
V2-L6-0026,교육,교육니즈분석,커리큘럼 기획,인사이트 발굴,커리큘럼 기획 검토 의견 확정,0.00,"발굴,인사이트","검토,기획,의견,커리큘럼,확정",창작/과치환 의심
V2-L6-0027,교육,교육니즈분석,커리큘럼 기획,우선순위 도출,커리큘럼 기획 수정본 등록,0.00,"도출,우선순위","기획,등록,수정본,커리큘럼",창작/과치환 의심
V2-L6-0028,교육,교육니즈분석,커리큘럼 기획,우선순위 도출,커리큘럼 기획 승인 결재 승인 완료,0.00,"도출,우선순위","결재,기획,승인,완료,커리큘럼",창작/과치환 의심
V2-L6-0029,교육,교육니즈분석,커리큘럼 기획,우선순위 도출,커리큘럼 기획 공지문 등록,0.00,"도출,우선순위","공지문,기획,등록,커리큘럼",창작/과치환 의심
V2-L6-0030,교육,교육니즈분석,커리큘럼 기획,우선순위 도출,커리큘럼 기획 시스템 등록,0.00,"도출,우선순위","기획,등록,시스템,커리큘럼",창작/과치환 의심
V2-L6-0031,교육,교육니즈분석,커리큘럼 기획,우선순위 도출,커리큘럼 기획 시행 내역 등록,0.00,"도출,우선순위","기획,등록,시행,커리큘럼",창작/과치환 의심
V2-L6-0032,교육,교육니즈분석,커리큘럼 기획,우선순위 도출,커리큘럼 기획 운영 결과 리포트 등록,0.00,"도출,우선순위","기획,등록,리포트,커리큘럼",창작/과치환 의심
V2-L6-0033,교육,교육니즈분석,트렌드분석,환경변화 자료검색/리서치,트렌드분석 결과 확정,0.00,"리서치,자료검색,환경변화","트렌드분석,확정",창작/과치환 의심
V2-L6-0034,교육,교육니즈분석,트렌드분석,환경변화 관련 인사이트 발굴,트렌드분석 검토 의견 등록,0.00,"발굴,인사이트,환경변화","검토,등록,의견,트렌드분석",창작/과치환 의심
V2-L6-0035,교육,교육니즈분석,트렌드분석,환경변화 관련 인사이트 발굴,트렌드분석 수정본 등록,0.00,"발굴,인사이트,환경변화","등록,수정본,트렌드분석",창작/과치환 의심
V2-L6-0036,교육,교육니즈분석,트렌드분석,환경변화 관련 인사이트 발굴,트렌드분석 승인 결재 승인 완료,0.00,"발굴,인사이트,환경변화","결재,승인,완료,트렌드분석",창작/과치환 의심
V2-L6-0041,교육,교육운영,과정 운영,강의장 점검,과정 운영 과정 결과 확정,0.00,"강의장,점검","과정,확정",창작/과치환 의심
V2-L6-0042,교육,교육운영,과정 운영,강사 영접,과정 운영 검토 의견 등록,0.00,"강사,영접","검토,과정,등록,의견",창작/과치환 의심
V2-L6-0043,교육,교육운영,과정 운영,출석체크/오리엔테이션,과정 운영 수정본 등록,0.00,"오리엔테이션,출석체크","과정,등록,수정본",창작/과치환 의심
V2-L6-0044,교육,교육운영,과정 운영,강의 및 퍼실리테이팅/코칭 진행,과정 운영 승인 결재 승인 완료,0.00,"강의,코칭,퍼실리테이팅","결재,과정,승인,완료",창작/과치환 의심
V2-L6-0045,교육,교육운영,과정설문 취합/분석,과정 설문 준비,과정설문 취합/분석 결과 확정,0.00,"과정,설문,준비","과정설문,분석,취합,확정",창작/과치환 의심
V2-L6-0056,교육,교육운영,교육 예산 계획 수립,전년도 경비실적 분석,교육 예산 계획 수립 교육 예산 계획 결과 확정,0.00,"경비실적,분석,전년도","계획,교육,수립,예산,확정",창작/과치환 의심
V2-L6-0058,교육,교육운영,교육 예산 계획 수립,운영품의(PR) 진행,교육 예산 계획 수립 수정본 등록,0.00,"PR,운영품의","계획,교육,등록,수립,수정본,예산",창작/과치환 의심
V2-L6-0059,교육,교육운영,교육 예산 계획 수립,운영품의(PR) 진행,교육 예산 계획 수립 승인 결재 승인 완료,0.00,"PR,운영품의","결재,계획,교육,수립,승인,예산,완료",창작/과치환 의심
V2-L6-0060,교육,교육운영,내/외부 강사관리,배차 신청,내/외부 강사관리 강사 배정표 확정,0.00,"배차,신청","강사,강사관리,배정표,외부,확정",창작/과치환 의심
V2-L6-0061,교육,교육운영,내/외부 강사관리,방문 신청,내/외부 강사관리 검토 의견 등록,0.00,"방문,신청","강사관리,검토,등록,외부,의견",창작/과치환 의심
V2-L6-0062,교육,교육운영,내/외부 강사관리,식권 신청,내/외부 강사관리 수정본 등록,0.00,"식권,신청","강사관리,등록,수정본,외부",창작/과치환 의심
V2-L6-0063,교육,교육운영,내/외부 강사관리,벤더 등록,내/외부 강사관리 승인 결재 승인 완료,0.00,"등록,벤더","강사관리,결재,승인,완료,외부",창작/과치환 의심
V2-L6-0064,교육,교육운영,내/외부 강사관리,교육과정/강의 안내,내/외부 강사관리 공지문 확정,0.00,"강의,교육과정,안내","강사관리,공지문,외부,확정",창작/과치환 의심
V2-L6-0065,교육,교육운영,내/외부 강사관리,강사 영접 및 VOC 대응,내/외부 강사관리 시스템 반영 등록,0.00,"VOC,강사,대응,영접","강사관리,등록,반영,시스템,외부",창작/과치환 의심
V2-L6-0066,교육,교육운영,내/외부 강사관리,강사 영접 및 VOC 대응,내/외부 강사관리 시행 내역 등록,0.00,"VOC,강사,대응,영접","강사관리,등록,시행,외부",창작/과치환 의심
V2-L6-0074,교육,교육운영,성과분석/결과보고,성과 분석,성과분석/결과보고 결과 확정,0.00,"분석,성과","결과보고,성과분석,확정",창작/과치환 의심
V2-L6-0075,교육,교육운영,성과분석/결과보고,결과 보고,성과분석/결과보고 검토 의견 등록,0.00,보고,"검토,결과보고,등록,성과분석,의견",창작/과치환 의심
V2-L6-0076,교육,교육운영,성과분석/결과보고,우수 교육생 시상,성과분석/결과보고 수정본 등록,0.00,"교육생,시상,우수","결과보고,등록,성과분석,수정본",창작/과치환 의심
V2-L6-0077,교육,교육운영,성과분석/결과보고,강사 감사레터 작성/발송(필요시),성과분석/결과보고 승인 결재 승인 완료,0.00,"감사레터,강사,발송,작성,필요시","결과보고,결재,성과분석,승인,완료",창작/과치환 의심
V2-L6-0078,교육,교육운영,성과분석/결과보고,교육관련 사진/영상자료 정리,성과분석/결과보고 공지문 확정,0.00,"교육관련,사진,영상자료,정리","결과보고,공지문,성과분석,확정",창작/과치환 의심
V2-L6-0079,교육,교육운영,성과분석/결과보고,교육관련 사진/영상자료 정리,성과분석/결과보고 시스템 등록,0.00,"교육관련,사진,영상자료,정리","결과보고,등록,성과분석,시스템",창작/과치환 의심
V2-L6-0080,교육,교육운영,성과분석/결과보고,교육관련 사진/영상자료 정리,성과분석/결과보고 시행 내역 등록,0.00,"교육관련,사진,영상자료,정리","결과보고,등록,성과분석,시행",창작/과치환 의심
V2-L6-0082,교육,교육운영,수료 관리 및 경비처리,정산 진행,수료 관리 및 경비처리 검토 의견 등록,0.00,정산,"검토,경비처리,등록,수료,의견",창작/과치환 의심
V2-L6-0083,교육,교육운영,수료 관리 및 경비처리,정산 진행,수료 관리 및 경비처리 수정본 등록,0.00,정산,"경비처리,등록,수료,수정본",창작/과치환 의심
V2-L6-0084,교육,교육운영,수료 관리 및 경비처리,정산 진행,수료 관리 및 경비처리 승인 결재 승인 완료,0.00,정산,"결재,경비처리,수료,승인,완료",창작/과치환 의심
V2-L6-0085,교육,교육운영,수료 관리 및 경비처리,정산 진행,수료 관리 및 경비처리 공지문 확정,0.00,정산,"경비처리,공지문,수료,확정",창작/과치환 의심
V2-L6-0086,교육,교육운영,수료 관리 및 경비처리,정산 진행,수료 관리 및 경비처리 시스템 등록,0.00,정산,"경비처리,등록,수료,시스템",창작/과치환 의심
V2-L6-0087,교육,교육운영,수료 관리 및 경비처리,정산 진행,수료 관리 및 경비처리 시행 내역 반영 등록,0.00,정산,"경비처리,등록,반영,수료,시행",창작/과치환 의심
V2-L6-0088,교육,교육운영,운영준비(인프라 셋팅 등),운영관련 체크리스트 준비,운영준비(인프라 셋팅 등) 결과 확정,0.00,"운영관련,준비,체크리스트","셋팅,운영준비,인프라,확정",창작/과치환 의심
V2-L6-0089,교육,교육운영,운영준비(인프라 셋팅 등),시설 예약,운영준비(인프라 셋팅 등) 검토 의견 등록,0.00,"시설,예약","검토,등록,셋팅,운영준비,의견,인프라",창작/과치환 의심
V2-L6-0090,교육,교육운영,운영준비(인프라 셋팅 등),PC 대여/반납 준비,운영준비(인프라 셋팅 등) 수정본 등록,0.00,"PC,대여,반납,준비","등록,셋팅,수정본,운영준비,인프라",창작/과치환 의심
V2-L6-0091,교육,교육운영,운영준비(인프라 셋팅 등),교보재 준비,운영준비(인프라 셋팅 등) 승인 결재 승인 완료,0.00,"교보재,준비","결재,셋팅,승인,완료,운영준비,인프라",창작/과치환 의심
V2-L6-0095,교육,교육운영,입과안내/교육생 관리,VOC 대응,입과안내/교육생 관리 승인 결재 승인 완료,0.00,"VOC,대응","결재,교육생,승인,완료,입과안내",창작/과치환 의심
V2-L6-0096,교육,교육운영,입과안내/교육생 관리,VOC 대응,입과안내/교육생 관리 공지문 확정,0.00,"VOC,대응","공지문,교육생,입과안내,확정",창작/과치환 의심
V2-L6-0097,교육,교육운영,입과안내/교육생 관리,VOC 대응,입과안내/교육생 관리 시스템 반영 등록,0.00,"VOC,대응","교육생,등록,반영,시스템,입과안내",창작/과치환 의심
V2-L6-0098,교육,교육운영,입과안내/교육생 관리,VOC 대응,입과안내/교육생 관리 시행 내역 등록,0.00,"VOC,대응","교육생,등록,시행,입과안내",창작/과치환 의심
V2-L6-0099,교육,교육전략,전사 교육 전략 기획,신설/폐강 과정 관리,전사 교육 전략 기획 전사 교육 전략 결과 확정,0.00,"과정,신설,폐강","교육,기획,전략,전사,확정",창작/과치환 의심
V2-L6-0100,교육,교육전략,전사 교육 전략 기획,신설/폐강 과정 관리,전사 교육 전략 기획 검토 의견 등록,0.00,"과정,신설,폐강","검토,교육,기획,등록,의견,전략,전사",창작/과치환 의심
V2-L6-0101,교육,교육전략,전사 교육 전략 기획,신설/폐강 과정 관리,전사 교육 전략 기획 수정본 등록,0.00,"과정,신설,폐강","교육,기획,등록,수정본,전략,전사",창작/과치환 의심
V2-L6-0102,교육,교육전략,전사 교육 전략 기획,신설/폐강 과정 관리,전사 교육 전략 기획 승인 결재 승인 완료,0.00,"과정,신설,폐강","결재,교육,기획,승인,완료,전략,전사",창작/과치환 의심
V2-L6-0103,교육,내부 컨텐츠 개발,강의안 및 교보재 개발,과정개발 계획수립,강의안 및 교보재 개발 교보재 목록 확정,0.00,"계획수립,과정개발","강의안,개발,교보재,목록,확정",창작/과치환 의심
V2-L6-0115,교육,내부 컨텐츠 개발,강의안 및 교보재 개발,모듈계획서 작성,강의안 및 교보재 개발 검토 확정,0.00,"모듈계획서,작성","강의안,개발,검토,교보재,확정",창작/과치환 의심
V2-L6-0116,교육,내부 컨텐츠 개발,강의안 및 교보재 개발,강의자료 번역(필요시),강의안 및 교보재 개발 초안 확정,0.00,"강의자료,번역,필요시","강의안,개발,교보재,초안,확정",창작/과치환 의심
V2-L6-0105,교육,내부 컨텐츠 개발,강의안 및 교보재 개발,강의자료 번역(필요시),강의안 및 교보재 개발 수정본 등록,0.00,"강의자료,번역,필요시","강의안,개발,교보재,등록,수정본",창작/과치환 의심
V2-L6-0111,교육,내부 컨텐츠 개발,강의안 및 교보재 개발,강의자료 번역(필요시),강의안 및 교보재 개발 교보재 목록 대상자 확정,0.00,"강의자료,번역,필요시","강의안,개발,교보재,목록,확정",창작/과치환 의심
V2-L6-0106,교육,내부 컨텐츠 개발,강의안 및 교보재 개발,강의자료 번역(필요시),강의안 및 교보재 개발 승인 결재 승인 완료,0.00,"강의자료,번역,필요시","강의안,개발,결재,교보재,승인,완료",창작/과치환 의심
V2-L6-0112,교육,내부 컨텐츠 개발,강의안 및 교보재 개발,강의자료 번역(필요시),강의안 및 교보재 개발 승인본 확정,0.00,"강의자료,번역,필요시","강의안,개발,교보재,승인본,확정",창작/과치환 의심
V2-L6-0107,교육,내부 컨텐츠 개발,강의안 및 교보재 개발,강의자료 번역(필요시),강의안 및 교보재 개발 공지문 등록,0.00,"강의자료,번역,필요시","강의안,개발,공지문,교보재,등록",창작/과치환 의심
V2-L6-0113,교육,내부 컨텐츠 개발,강의안 및 교보재 개발,강의자료 번역(필요시),강의안 및 교보재 개발 공지문 발송 등록,0.00,"강의자료,번역,필요시","강의안,개발,공지문,교보재,등록,발송",창작/과치환 의심
V2-L6-0108,교육,내부 컨텐츠 개발,강의안 및 교보재 개발,강의자료 번역(필요시),강의안 및 교보재 개발 시스템 등록,0.00,"강의자료,번역,필요시","강의안,개발,교보재,등록,시스템",창작/과치환 의심
V2-L6-0114,교육,내부 컨텐츠 개발,강의안 및 교보재 개발,강의자료 번역(필요시),강의안 및 교보재 개발 시스템 반영 등록,0.00,"강의자료,번역,필요시","강의안,개발,교보재,등록,반영,시스템",창작/과치환 의심
V2-L6-0118,교육,양성,선발 규모/선발 전략 수립,양성 분야 확정,선발 규모/선발 전략 수립 검토 의견 등록,0.00,"분야,양성,확정","검토,규모,등록,선발,수립,의견,전략",창작/과치환 의심
V2-L6-0125,교육,양성,선발 전형 운영,선발관련 안내,선발 전형 운영 검토 의견 등록,0.00,"선발관련,안내","검토,등록,선발,의견,전형",창작/과치환 의심
V2-L6-0126,교육,양성,선발 전형 운영,서류 심사,선발 전형 운영 수정본 등록,0.00,"서류,심사","등록,선발,수정본,전형",창작/과치환 의심
V2-L6-0127,교육,양성,선발 전형 운영,면접 심사,선발 전형 운영 승인 결재 승인 완료,0.00,"면접,심사","결재,선발,승인,완료,전형",창작/과치환 의심
V2-L6-0135,교육,양성,파견자 관리,파견중 관리,파견자 관리 파견 관리내역 확정,0.00,파견중,"관리내역,파견,파견자,확정",창작/과치환 의심
V2-L6-0136,교육,양성,파견자 관리,파견후 관리,파견자 관리 검토 의견 등록,0.00,파견후,"검토,등록,의견,파견자",창작/과치환 의심
V2-L6-0137,교육,양성,파견자 관리,양성시스템 관리/정보입력,파견자 관리 수정본 등록,0.00,"양성시스템,정보입력","등록,수정본,파견자",창작/과치환 의심
V2-L6-0138,교육,양성,파견자 관리,양성시스템 관리/정보입력,파견자 관리 승인 결재 승인 완료,0.00,"양성시스템,정보입력","결재,승인,완료,파견자",창작/과치환 의심
V2-L6-0142,교육,진단/검정,결과 분석/확정/보고,진단/검정 결과 반영,결과 분석/확정/보고 승인 결재 승인 완료,0.00,"검정,반영,진단","결재,보고,분석,승인,완료,확정",창작/과치환 의심
V2-L6-0143,교육,진단/검정,결과 분석/확정/보고,격려금 지급,결과 분석/확정/보고 공지문 등록,0.00,"격려금,지급","공지문,등록,보고,분석,확정",창작/과치환 의심
V2-L6-0144,교육,진단/검정,결과 분석/확정/보고,격려금 지급,결과 분석/확정/보고 시스템 확정,0.00,"격려금,지급","보고,분석,시스템,확정",창작/과치환 의심
V2-L6-0145,교육,진단/검정,결과 분석/확정/보고,격려금 지급,결과 분석/확정/보고 시행 내역 등록,0.00,"격려금,지급","등록,보고,분석,시행,확정",창작/과치환 의심
V2-L6-0146,교육,진단/검정,결과 분석/확정/보고,격려금 지급,결과 분석/확정/보고 운영 결과 리포트 등록,0.00,"격려금,지급","등록,리포트,보고,분석,확정",창작/과치환 의심
V2-L6-0148,교육,진단/검정,실시계획 수립,진단/검정 대상 확정,실시계획 수립 검토 의견 등록,0.00,"검정,대상,진단,확정","검토,등록,수립,실시계획,의견",창작/과치환 의심
V2-L6-0149,교육,진단/검정,실시계획 수립,진단/검정 대상 확정,실시계획 수립 수정본 등록,0.00,"검정,대상,진단,확정","등록,수립,수정본,실시계획",창작/과치환 의심
V2-L6-0150,교육,진단/검정,실시계획 수립,진단/검정 대상 확정,실시계획 수립 승인 결재 승인 완료,0.00,"검정,대상,진단,확정","결재,수립,승인,실시계획,완료",창작/과치환 의심
V2-L6-0171,교육,컨텐츠 개발(외부),강사계약,교육 위탁업체 Bidding,강사계약 강사 배정표 확정,0.00,"Bidding,교육,위탁업체","강사,강사계약,배정표,확정",창작/과치환 의심
V2-L6-0172,교육,컨텐츠 개발(외부),강사계약,교육 위탁 계약 체결(필요시),강사계약 검토 의견 등록,0.00,"계약,교육,위탁,체결,필요시","강사계약,검토,등록,의견",창작/과치환 의심
V2-L6-0173,교육,컨텐츠 개발(외부),강사계약,교육 위탁 계약 체결(필요시),강사계약 수정본 등록,0.00,"계약,교육,위탁,체결,필요시","강사계약,등록,수정본",창작/과치환 의심
V2-L6-0174,교육,컨텐츠 개발(외부),강사계약,교육 위탁 계약 체결(필요시),강사계약 승인 결재 승인 완료,0.00,"계약,교육,위탁,체결,필요시","강사계약,결재,승인,완료",창작/과치환 의심
V2-L6-0176,교육,컨텐츠 개발(외부),강사선정,강사 섭외,강사선정 검토 의견 등록,0.00,"강사,섭외","강사선정,검토,등록,의견",창작/과치환 의심
V2-L6-0177,교육,컨텐츠 개발(외부),강사선정,강사 섭외,강사선정 수정본 등록,0.00,"강사,섭외","강사선정,등록,수정본",창작/과치환 의심
V2-L6-0178,교육,컨텐츠 개발(외부),강사선정,강사 섭외,강사선정 승인 결재 승인 완료,0.00,"강사,섭외","강사선정,결재,승인,완료",창작/과치환 의심
V2-L6-0183,교육,컨텐츠 개발(외부),컨텐츠협의,교육 내용 협의,컨텐츠협의 결과 확정,0.00,"교육,내용,협의","컨텐츠협의,확정",창작/과치환 의심
V2-L6-0184,교육,컨텐츠 개발(외부),컨텐츠협의,교육 내용 협의,컨텐츠협의 검토 의견 등록,0.00,"교육,내용,협의","검토,등록,의견,컨텐츠협의",창작/과치환 의심
V2-L6-0185,교육,컨텐츠 개발(외부),컨텐츠협의,교육 내용 협의,컨텐츠협의 수정본 등록,0.00,"교육,내용,협의","등록,수정본,컨텐츠협의",창작/과치환 의심
V2-L6-0186,교육,컨텐츠 개발(외부),컨텐츠협의,교육 내용 협의,컨텐츠협의 승인 결재 승인 완료,0.00,"교육,내용,협의","결재,승인,완료,컨텐츠협의",창작/과치환 의심
V2-L6-0380,인력운영,비정규/계약직 인력 관리,촉탁계약직 관리,촉탁 계약직 운영 가이드 수립,촉탁계약직 관리 요청 접수 확정,0.00,"가이드,계약직,수립,촉탁","요청,접수,촉탁계약직,확정",창작/과치환 의심
V2-L6-0381,인력운영,비정규/계약직 인력 관리,촉탁계약직 관리,촉탁 계약직 근무 관리,촉탁계약직 관리 처리 대상 분류 등록,0.00,"계약직,근무,촉탁","대상,등록,분류,촉탁계약직",창작/과치환 의심
V2-L6-0382,인력운영,비정규/계약직 인력 관리,촉탁계약직 관리,촉탁 계약직 근무 관리,촉탁계약직 관리 현장 조치 발송,0.00,"계약직,근무,촉탁","발송,조치,촉탁계약직,현장",창작/과치환 의심
V2-L6-0387,인력운영,인력 활용,리스킬링,대상자 인사/부서장 면담,리스킬링 처리 대상 분류 등록,0.00,"면담,부서장,인사","대상,등록,리스킬링,분류",창작/과치환 의심
V2-L6-0388,인력운영,인력 활용,리스킬링,발령 및 실이동,리스킬링 현장 조치 발송,0.00,"발령,실이동","리스킬링,발송,조치,현장",창작/과치환 의심
V2-L6-0393,인력운영,인력 활용,시니어,"정년후 재고용(시니어트랙, 3자녀) 후보군 성과 관리",시니어 처리 대상 분류 등록,0.00,"3자녀,성과,시니어트랙,재고용,정년후,후보군","대상,등록,분류,시니어",창작/과치환 의심
V2-L6-0394,인력운영,인력 활용,시니어,"정년후 재고용(시니어트랙, 3자녀) 선발",시니어 현장 조치 발송,0.00,"3자녀,선발,시니어트랙,재고용,정년후","발송,시니어,조치,현장",창작/과치환 의심
V2-L6-0398,인력운영,인력계획,인력 계획,조직도 및 기초정보 세팅,인력 계획 요청 접수 확정,0.00,"기초정보,세팅,조직도","계획,요청,인력,접수,확정",창작/과치환 의심
V2-L6-0399,인력운영,인력계획,인력 계획,인력계획 기준 수립/공지,인력 계획 처리 대상 분류 등록,0.00,"공지,기준,수립,인력계획","계획,대상,등록,분류,인력",창작/과치환 의심
V2-L6-0400,인력운영,인력계획,인력 계획,사업부별 기준 공지/인력계획 요청,인력 계획 현장 조치 발송,0.00,"공지,기준,사업부별,요청,인력계획","계획,발송,인력,조치,현장",창작/과치환 의심
V2-L6-0402,인력운영,인력이동,개별 전배,충원 타당성 검토,개별 전배 처리 대상 분류 등록,0.00,"검토,충원,타당성","개별,대상,등록,분류,전배",창작/과치환 의심
V2-L6-0403,인력운영,인력이동,개별 전배,적합 인력 서칭 및 Pool 구축,개별 전배 현장 조치 발송,0.00,"Pool,구축,서칭,인력,적합","개별,발송,전배,조치,현장",창작/과치환 의심
V2-L6-0404,인력운영,인력이동,사내 Job Posting,사업부문(부서별) J/P 부서 수요 취합,사내 Job Posting 요청 접수 확정,0.00,"부서,부서별,사업부문,수요,취합","Job,Posting,사내,요청,접수,확정",창작/과치환 의심
V2-L6-0405,인력운영,인력이동,사내 Job Posting,J/P 운영 타당성 검토,사내 Job Posting 처리 대상 분류 등록,0.00,"검토,타당성","Job,Posting,대상,등록,분류,사내",창작/과치환 의심
V2-L6-0406,인력운영,인력이동,사내 Job Posting,Post 확정 후 J/P 실시,사내 Job Posting 현장 조치 발송,0.00,"Post,실시,확정","Job,Posting,발송,사내,조치,현장",창작/과치환 의심
V2-L6-0408,인력운영,인력이동,전입,배치 부서 확인,전입 처리 대상 분류 등록,0.00,"배치,부서,확인","대상,등록,분류,전입",창작/과치환 의심
V2-L6-0409,인력운영,인력이동,전입,배치 안내,전입 현장 조치 발송,0.00,"배치,안내","발송,전입,조치,현장",창작/과치환 의심
V2-L6-0410,인력운영,인력정보,분석,부서별 C/I/연령 등 인력 분포 관리,분석 요청 접수 확정,0.00,"부서별,분포,연령,인력","분석,요청,접수,확정",창작/과치환 의심
V2-L6-0411,인력운영,인력정보,분석,"업무 불균형, 잔특근 과다 조직 관리",분석 처리 대상 분류 등록,0.00,"과다,불균형,잔특근,조직","대상,등록,분류,분석",창작/과치환 의심
V2-L6-0412,인력운영,인력정보,분석,"업무 불균형, 잔특근 과다 조직 관리",분석 현장 조치 발송,0.00,"과다,불균형,잔특근,조직","발송,분석,조치,현장",창작/과치환 의심
V2-L6-0413,인력운영,인력정보,사원정보 관리,신상정보 본인 수정,사원정보 관리 요청 접수 확정,0.00,"본인,수정,신상정보","사원정보,요청,접수,확정",창작/과치환 의심
V2-L6-0414,인력운영,인력정보,사원정보 관리,변경정보 승인요청/증빙서류 제출,사원정보 관리 처리 대상 분류 등록,0.00,"변경정보,승인요청,제출,증빙서류","대상,등록,분류,사원정보",창작/과치환 의심
V2-L6-0415,인력운영,인력정보,사원정보 관리,요청사항 검토/승인,사원정보 관리 현장 조치 발송,0.00,"검토,승인,요청사항","발송,사원정보,조치,현장",창작/과치환 의심
V2-L6-0417,인력운영,인력정보,인력 DB 관리,지표 관리,인력 DB 관리 처리 대상 분류 등록,0.00,지표,"DB,대상,등록,분류,인력",창작/과치환 의심
V2-L6-0418,인력운영,인력정보,인력 DB 관리,지표집 작성,인력 DB 관리 현장 조치 발송,0.00,"작성,지표집","DB,발송,인력,조치,현장",창작/과치환 의심
V2-L6-0419,인력운영,인력정보,인사발령,정기 인사 발령 대상자 취합,인사발령 요청 접수 확정,0.00,"발령,인사,정기,취합","요청,인사발령,접수,확정",창작/과치환 의심
V2-L6-0420,인력운영,인력정보,인사발령,인사 발령 보고/승인,인사발령 처리 대상 분류 등록,0.00,"발령,보고,승인,인사","대상,등록,분류,인사발령",창작/과치환 의심
V2-L6-0423,인력운영,인력정보,제증명 관리,예외 내용 검토,제증명 관리 처리 대상 분류 등록,0.00,"검토,내용,예외","대상,등록,분류,제증명",창작/과치환 의심
V2-L6-0424,인력운영,인력정보,제증명 관리,내용 수정 및 발급 승인,제증명 관리 현장 조치 발송,0.00,"내용,발급,수정,승인","발송,제증명,조치,현장",창작/과치환 의심
V2-L6-0425,인력운영,퇴직,리텐션,우수인력 관리,리텐션 요청 접수 확정,0.00,우수인력,"리텐션,요청,접수,확정",창작/과치환 의심
V2-L6-0426,인력운영,퇴직,리텐션,퇴직 사유 관리,리텐션 처리 대상 분류 등록,0.00,"사유,퇴직","대상,등록,리텐션,분류",창작/과치환 의심
V2-L6-0429,인력운영,퇴직,퇴직,부서장/인사 퇴직면담,퇴직 처리 대상 분류 등록,0.00,"부서장,인사,퇴직면담","대상,등록,분류,퇴직",창작/과치환 의심
V2-L6-0430,인력운영,퇴직,퇴직,"핵심인력 여부, 수혜금액 확인 및 변제요청",퇴직 현장 조치 발송,0.00,"변제요청,수혜금액,여부,핵심인력,확인","발송,조치,퇴직,현장",창작/과치환 의심
V2-L6-0432,인력운영,휴복직,복직,복직원 작성 및 신청,복직 처리 대상 분류 등록,0.00,"복직원,신청,작성","대상,등록,복직,분류",창작/과치환 의심
V2-L6-0433,인력운영,휴복직,복직,출근 및 행정사항 처리,복직 현장 조치 발송,0.00,"출근,행정사항","발송,복직,조치,현장",창작/과치환 의심
V2-L6-0475,제도,계약직/변호사 관리,국내/해외/IP 변호사 관리,계약서 관리,국내/해외/IP 변호사 관리 국내/해외/IP 변호사 결과 확정,0.00,계약서,"IP,국내,변호사,해외,확정",창작/과치환 의심
V2-L6-0476,제도,계약직/변호사 관리,국내/해외/IP 변호사 관리,계약직 운영기준 관리,국내/해외/IP 변호사 관리 검토 의견 등록,0.00,"계약직,운영기준","IP,검토,국내,등록,변호사,의견,해외",창작/과치환 의심
V2-L6-0477,제도,계약직/변호사 관리,국내/해외/IP 변호사 관리,재계약 처우 결정,국내/해외/IP 변호사 관리 수정본 등록,0.00,"결정,재계약,처우","IP,국내,등록,변호사,수정본,해외",창작/과치환 의심
V2-L6-0478,제도,계약직/변호사 관리,국내/해외/IP 변호사 관리,대상자 확정/변경 (예외자/사유 확인),국내/해외/IP 변호사 관리 승인 결재 승인 완료,0.00,"변경,사유,예외자,확인,확정","IP,결재,국내,변호사,승인,완료,해외",창작/과치환 의심
V2-L6-0479,제도,계약직/변호사 관리,국내/해외/IP 변호사 관리,대상자 확정/변경 (예외자/사유 확인),국내/해외/IP 변호사 관리 공지문 발송,0.00,"변경,사유,예외자,확인,확정","IP,공지문,국내,발송,변호사,해외",창작/과치환 의심
V2-L6-0481,제도,계약직/변호사 관리,국내/해외/IP 변호사 관리,대상자 확정/변경 (예외자/사유 확인),국내/해외/IP 변호사 관리 시행 내역 발송,0.00,"변경,사유,예외자,확인,확정","IP,국내,발송,변호사,시행,해외",창작/과치환 의심
V2-L6-0483,제도,계약직/변호사 관리,국내/해외/IP 변호사 관리,대상자 확정/변경 (예외자/사유 확인),국내/해외/IP 변호사 관리 개선 요청사항 발송,0.00,"변경,사유,예외자,확인,확정","IP,개선,국내,발송,변호사,요청사항,해외",창작/과치환 의심
V2-L6-0484,제도,계약직/변호사 관리,표준/개별연봉 계약직 관리,계약서 관리,표준/개별연봉 계약직 관리 표준/개별연봉 계약직 결과 확정,0.00,계약서,"개별연봉,계약직,표준,확정",창작/과치환 의심
V2-L6-0486,제도,계약직/변호사 관리,표준/개별연봉 계약직 관리,재계약 처우 결정,표준/개별연봉 계약직 관리 수정본 등록,0.00,"결정,재계약,처우","개별연봉,계약직,등록,수정본,표준",창작/과치환 의심
V2-L6-0487,제도,계약직/변호사 관리,표준/개별연봉 계약직 관리,대상자 확정/변경 (예외자/사유 확인),표준/개별연봉 계약직 관리 승인 결재 승인 완료,0.00,"변경,사유,예외자,확인,확정","개별연봉,결재,계약직,승인,완료,표준",창작/과치환 의심
V2-L6-0489,제도,계약직/변호사 관리,표준/개별연봉 계약직 관리,대상자 확정/변경 (예외자/사유 확인),표준/개별연봉 계약직 관리 시스템 발송,0.00,"변경,사유,예외자,확인,확정","개별연봉,계약직,발송,시스템,표준",창작/과치환 의심
V2-L6-0552,제도,승격,승격 운영 및 임직원 소통,수신 대상자 정비,승격 운영 및 임직원 소통 결과 확정,0.00,"수신,정비","소통,승격,임직원,확정",창작/과치환 의심
V2-L6-0553,제도,승격,승격 운영 및 임직원 소통,"일정 안내(부서장용, 본인용)",승격 운영 및 임직원 소통 검토 의견 등록,0.00,"본인용,부서장용,안내,일정","검토,등록,소통,승격,의견,임직원",창작/과치환 의심
V2-L6-0554,제도,승격,승격 운영 및 임직원 소통,"본인지원 안내, 부서장 추천 안내",승격 운영 및 임직원 소통 수정본 등록,0.00,"본인지원,부서장,안내,추천","등록,소통,수정본,승격,임직원",창작/과치환 의심
V2-L6-0555,제도,승격,승격 운영 및 임직원 소통,부서장 추천 공지 (1/2차),승격 운영 및 임직원 소통 승인 결재 승인 완료,0.00,"2차,공지,부서장,추천","결재,소통,승격,승인,완료,임직원",창작/과치환 의심
V2-L6-0556,제도,승격,승격 운영 및 임직원 소통,특화역량 프로세스 운영,승격 운영 및 임직원 소통 공지문 발송,0.00,"특화역량,프로세스","공지문,발송,소통,승격,임직원",창작/과치환 의심
V2-L6-0557,제도,승격,승격 운영 및 임직원 소통,승격세션 프로세스 운영,승격 운영 및 임직원 소통 시스템 발송,0.00,"승격세션,프로세스","발송,소통,승격,시스템,임직원",창작/과치환 의심
V2-L6-0576,제도,시상,가이드 수립/배포 및 시스템 준비,전사 시상규정 관리 (상벌규정),가이드 수립/배포 및 시스템 준비 결과 확정,0.00,"상벌규정,시상규정,전사","가이드,배포,수립,시스템,준비,확정",창작/과치환 의심
V2-L6-0588,제도,시상,가이드 수립/배포 및 시스템 준비,"시상 분야 신설, TO 재편 등 시상 규모 조율",가이드 수립/배포 및 시스템 준비 초안 등록,0.00,"TO,규모,분야,시상,신설,재편,조율","가이드,등록,배포,수립,시스템,준비,초안",창작/과치환 의심
V2-L6-0594,제도,시상,가이드 수립/배포 및 시스템 준비,심사위원회 구성,가이드 수립/배포 및 시스템 준비 결과 승인본 등록,0.00,"구성,심사위원회","가이드,등록,배포,수립,승인본,시스템,준비",창작/과치환 의심
V2-L6-0600,제도,시상,가이드 수립/배포 및 시스템 준비,심사 운영 일정,가이드 수립/배포 및 시스템 준비 초안 확정,0.00,"심사,일정","가이드,배포,수립,시스템,준비,초안,확정",창작/과치환 의심
V2-L6-0606,제도,시상,가이드 수립/배포 및 시스템 준비,(사전) 분과별 심사기준 재정비,가이드 수립/배포 및 시스템 준비 결과 승인본 확정,0.00,"분과별,사전,심사기준,재정비","가이드,배포,수립,승인본,시스템,준비,확정",창작/과치환 의심
V2-L6-0612,제도,시상,가이드 수립/배포 및 시스템 준비,(사전) 분과별 심사기준 재정비,가이드 수립/배포 및 시스템 준비 보완안 발송,0.00,"분과별,사전,심사기준,재정비","가이드,발송,배포,보완안,수립,시스템,준비",창작/과치환 의심
V2-L6-0618,제도,시상,가이드 수립/배포 및 시스템 준비,(사전) 분과별 심사기준 재정비,가이드 수립/배포 및 시스템 준비 대상자 확정,0.00,"분과별,사전,심사기준,재정비","가이드,배포,수립,시스템,준비,확정",창작/과치환 의심
V2-L6-0624,제도,시상,가이드 수립/배포 및 시스템 준비,(사전) 분과별 심사기준 재정비,가이드 수립/배포 및 시스템 준비 통보본 라 확정,0.00,"분과별,사전,심사기준,재정비","가이드,배포,수립,시스템,준비,통보본,확정",창작/과치환 의심
V2-L6-0577,제도,시상,가이드 수립/배포 및 시스템 준비,(사전) 분과별 심사기준 재정비,가이드 수립/배포 및 시스템 준비 검토 의견 확정,0.00,"분과별,사전,심사기준,재정비","가이드,검토,배포,수립,시스템,의견,준비,확정",창작/과치환 의심
V2-L6-0583,제도,시상,가이드 수립/배포 및 시스템 준비,(사전) 분과별 심사기준 재정비,가이드 수립/배포 및 시스템 준비 승인본 확정,0.00,"분과별,사전,심사기준,재정비","가이드,배포,수립,승인본,시스템,준비,확정",창작/과치환 의심
V2-L6-0589,제도,시상,가이드 수립/배포 및 시스템 준비,(사전) 분과별 심사기준 재정비,가이드 수립/배포 및 시스템 준비 검토 등록,0.00,"분과별,사전,심사기준,재정비","가이드,검토,등록,배포,수립,시스템,준비",창작/과치환 의심
V2-L6-0595,제도,시상,가이드 수립/배포 및 시스템 준비,(사전) 분과별 심사기준 재정비,가이드 수립/배포 및 시스템 준비 대상자 등록,0.00,"분과별,사전,심사기준,재정비","가이드,등록,배포,수립,시스템,준비",창작/과치환 의심
V2-L6-0601,제도,시상,가이드 수립/배포 및 시스템 준비,(사전) 분과별 심사기준 재정비,가이드 수립/배포 및 시스템 준비 검토 확정,0.00,"분과별,사전,심사기준,재정비","가이드,검토,배포,수립,시스템,준비,확정",창작/과치환 의심
V2-L6-0607,제도,시상,가이드 수립/배포 및 시스템 준비,(사전) 분과별 심사기준 재정비,가이드 수립/배포 및 시스템 준비 결과 반영본 확정,0.00,"분과별,사전,심사기준,재정비","가이드,반영본,배포,수립,시스템,준비,확정",창작/과치환 의심
V2-L6-0613,제도,시상,가이드 수립/배포 및 시스템 준비,(사전) 분과별 심사기준 재정비,가이드 수립/배포 및 시스템 준비 보완안 통보본 발송,0.00,"분과별,사전,심사기준,재정비","가이드,발송,배포,보완안,수립,시스템,준비,통보본",창작/과치환 의심
V2-L6-0619,제도,시상,가이드 수립/배포 및 시스템 준비,(사전) 분과별 심사기준 재정비,가이드 수립/배포 및 시스템 준비 통보본 가 확정,0.00,"분과별,사전,심사기준,재정비","가이드,배포,수립,시스템,준비,통보본,확정",창작/과치환 의심
V2-L6-0625,제도,시상,가이드 수립/배포 및 시스템 준비,(사전) 분과별 심사기준 재정비,가이드 수립/배포 및 시스템 준비 통보본 마 확정,0.00,"분과별,사전,심사기준,재정비","가이드,배포,수립,시스템,준비,통보본,확정",창작/과치환 의심
V2-L6-0578,제도,시상,가이드 수립/배포 및 시스템 준비,(사전) 분과별 심사기준 재정비,가이드 수립/배포 및 시스템 준비 수정본 확정,0.00,"분과별,사전,심사기준,재정비","가이드,배포,수립,수정본,시스템,준비,확정",창작/과치환 의심
V2-L6-0584,제도,시상,가이드 수립/배포 및 시스템 준비,(사전) 분과별 심사기준 재정비,가이드 수립/배포 및 시스템 준비 결과 등록,0.00,"분과별,사전,심사기준,재정비","가이드,등록,배포,수립,시스템,준비",창작/과치환 의심
V2-L6-0590,제도,시상,가이드 수립/배포 및 시스템 준비,(사전) 분과별 심사기준 재정비,가이드 수립/배포 및 시스템 준비 수정 등록,0.00,"분과별,사전,심사기준,재정비","가이드,등록,배포,수립,수정,시스템,준비",창작/과치환 의심
V2-L6-0596,제도,시상,가이드 수립/배포 및 시스템 준비,(사전) 분과별 심사기준 재정비,가이드 수립/배포 및 시스템 준비 승인본 등록,0.00,"분과별,사전,심사기준,재정비","가이드,등록,배포,수립,승인본,시스템,준비",창작/과치환 의심
V2-L6-0602,제도,시상,가이드 수립/배포 및 시스템 준비,(사전) 분과별 심사기준 재정비,가이드 수립/배포 및 시스템 준비 수정 확정,0.00,"분과별,사전,심사기준,재정비","가이드,배포,수립,수정,시스템,준비,확정",창작/과치환 의심
V2-L6-0608,제도,시상,가이드 수립/배포 및 시스템 준비,(사전) 분과별 심사기준 재정비,가이드 수립/배포 및 시스템 준비 결과 발송,0.00,"분과별,사전,심사기준,재정비","가이드,발송,배포,수립,시스템,준비",창작/과치환 의심
V2-L6-0614,제도,시상,가이드 수립/배포 및 시스템 준비,(사전) 분과별 심사기준 재정비,가이드 수립/배포 및 시스템 준비 보완안 초안 발송,0.00,"분과별,사전,심사기준,재정비","가이드,발송,배포,보완안,수립,시스템,준비,초안",창작/과치환 의심
V2-L6-0620,제도,시상,가이드 수립/배포 및 시스템 준비,(사전) 분과별 심사기준 재정비,가이드 수립/배포 및 시스템 준비 통보본 나 확정,0.00,"분과별,사전,심사기준,재정비","가이드,배포,수립,시스템,준비,통보본,확정",창작/과치환 의심
V2-L6-0626,제도,시상,가이드 수립/배포 및 시스템 준비,(사전) 분과별 심사기준 재정비,가이드 수립/배포 및 시스템 준비 통보본 바 확정,0.00,"분과별,사전,심사기준,재정비","가이드,배포,수립,시스템,준비,통보본,확정",창작/과치환 의심
V2-L6-0579,제도,시상,가이드 수립/배포 및 시스템 준비,(사전) 분과별 심사기준 재정비,가이드 수립/배포 및 시스템 준비 승인 결재 승인 완료,0.00,"분과별,사전,심사기준,재정비","가이드,결재,배포,수립,승인,시스템,완료,준비",창작/과치환 의심
V2-L6-0585,제도,시상,가이드 수립/배포 및 시스템 준비,(사전) 분과별 심사기준 재정비,가이드 수립/배포 및 시스템 준비 결과 대상자 등록,0.00,"분과별,사전,심사기준,재정비","가이드,등록,배포,수립,시스템,준비",창작/과치환 의심
V2-L6-0591,제도,시상,가이드 수립/배포 및 시스템 준비,(사전) 분과별 심사기준 재정비,가이드 수립/배포 및 시스템 준비 최종 등록,0.00,"분과별,사전,심사기준,재정비","가이드,등록,배포,수립,시스템,준비,최종",창작/과치환 의심
V2-L6-0597,제도,시상,가이드 수립/배포 및 시스템 준비,(사전) 분과별 심사기준 재정비,가이드 수립/배포 및 시스템 준비 통보본 등록,0.00,"분과별,사전,심사기준,재정비","가이드,등록,배포,수립,시스템,준비,통보본",창작/과치환 의심
V2-L6-0603,제도,시상,가이드 수립/배포 및 시스템 준비,(사전) 분과별 심사기준 재정비,가이드 수립/배포 및 시스템 준비 최종 확정,0.00,"분과별,사전,심사기준,재정비","가이드,배포,수립,시스템,준비,최종,확정",창작/과치환 의심
V2-L6-0609,제도,시상,가이드 수립/배포 및 시스템 준비,(사전) 분과별 심사기준 재정비,가이드 수립/배포 및 시스템 준비 통보본 발송,0.00,"분과별,사전,심사기준,재정비","가이드,발송,배포,수립,시스템,준비,통보본",창작/과치환 의심
V2-L6-0615,제도,시상,가이드 수립/배포 및 시스템 준비,(사전) 분과별 심사기준 재정비,가이드 수립/배포 및 시스템 준비 보완안 검토 발송,0.00,"분과별,사전,심사기준,재정비","가이드,검토,발송,배포,보완안,수립,시스템,준비",창작/과치환 의심
V2-L6-0621,제도,시상,가이드 수립/배포 및 시스템 준비,(사전) 분과별 심사기준 재정비,가이드 수립/배포 및 시스템 준비 통보본 다 확정,0.00,"분과별,사전,심사기준,재정비","가이드,배포,수립,시스템,준비,통보본,확정",창작/과치환 의심
V2-L6-0627,제도,시상,가이드 수립/배포 및 시스템 준비,(사전) 분과별 심사기준 재정비,가이드 수립/배포 및 시스템 준비 통보본 사 확정,0.00,"분과별,사전,심사기준,재정비","가이드,배포,수립,시스템,준비,통보본,확정",창작/과치환 의심
V2-L6-0580,제도,시상,가이드 수립/배포 및 시스템 준비,(사전) 분과별 심사기준 재정비,가이드 수립/배포 및 시스템 준비 공지문 확정,0.00,"분과별,사전,심사기준,재정비","가이드,공지문,배포,수립,시스템,준비,확정",창작/과치환 의심
V2-L6-0586,제도,시상,가이드 수립/배포 및 시스템 준비,(사전) 분과별 심사기준 재정비,가이드 수립/배포 및 시스템 준비 공지문 발송 등록,0.00,"분과별,사전,심사기준,재정비","가이드,공지문,등록,발송,배포,수립,시스템,준비",창작/과치환 의심
V2-L6-0592,제도,시상,가이드 수립/배포 및 시스템 준비,(사전) 분과별 심사기준 재정비,가이드 수립/배포 및 시스템 준비 공지문 발송 결과 등록,0.00,"분과별,사전,심사기준,재정비","가이드,공지문,등록,발송,배포,수립,시스템,준비",창작/과치환 의심
V2-L6-0598,제도,시상,가이드 수립/배포 및 시스템 준비,(사전) 분과별 심사기준 재정비,가이드 수립/배포 및 시스템 준비 공지문 발송 초안 등록,0.00,"분과별,사전,심사기준,재정비","가이드,공지문,등록,발송,배포,수립,시스템,준비,초안",창작/과치환 의심
V2-L6-0604,제도,시상,가이드 수립/배포 및 시스템 준비,(사전) 분과별 심사기준 재정비,가이드 수립/배포 및 시스템 준비 공지문 발송 확정,0.00,"분과별,사전,심사기준,재정비","가이드,공지문,발송,배포,수립,시스템,준비,확정",창작/과치환 의심
V2-L6-0610,제도,시상,가이드 수립/배포 및 시스템 준비,(사전) 분과별 심사기준 재정비,가이드 수립/배포 및 시스템 준비 공지문 발송 발송,0.00,"분과별,사전,심사기준,재정비","가이드,공지문,발송,배포,수립,시스템,준비",창작/과치환 의심
