도메인,L4,L5,L6_세부업무명,산출물_형태(보고서/티켓/로그),시스템_증거(디지털_발자국)
총무,사내 서비스 운영,날인 및 증명서 관리,증명서 발급요청 티켓 생성,ticket_log,그룹웨어 티켓번호 생성 | 메일 제목: 증명서 발급 요청 접수 안내 | 처리상태 변경 로그: 접수완료
총무,사내 서비스 운영,날인 및 증명서 관리,전자날인 처리 완료문서 발행,document_pdf,전자결재 날인 로그 | 문서관리시스템 원본 저장 | 메일 제목: 증명서 발급 완료 안내
총무,사내 서비스 운영,날인 및 증명서 관리,날인 처리 이력대장 업데이트,ledger_record,날인 이력 DB 업데이트 | 문서번호-사번 매핑 로그 | 월간 발급 집계 배치 로그
총무,사내 서비스 운영,사내 화물 운영,사내 화물 접수대장 생성,ledger_record,사내물류 접수번호 생성 | 수취인/도착지 매핑 로그 | 메일 제목: 사내 화물 접수 완료 안내
총무,사내 서비스 운영,사내 화물 운영,사내 화물 배송완료 확인서 등록,confirmation_doc,배송상태 변경 로그: 배송완료 | 수령 서명 이미지 저장 | 메일 제목: 사내 화물 배송 완료 안내
총무,사내 서비스 운영,사내 화물 운영,화물 지연이슈 조치보고서 발행,issue_report,이슈관리 티켓 생성 | SLA 초과 경고 로그 | 메일 제목: 화물 지연 조치 결과 안내
총무,사내 서비스 운영,안내센터 운영,방문객 출입예약 승인목록 확정,approval_list,출입관리시스템 승인 로그 | 방문증 발급번호 생성 | 메일 제목: 방문객 출입 승인 안내
총무,사내 서비스 운영,안내센터 운영,안내센터 응대일지 등록,operation_log,안내데이터 접수 로그 | 문의유형 분류 로그 | 일일 마감 로그
총무,사내 서비스 운영,안내센터 운영,VIP 방문지원 결과보고서 발행,support_report,VIP 동선 체크포인트 로그 | 보안팀 연계 이벤트 로그 | 메일 제목: VIP 방문지원 결과 공유
총무,사내 서비스 운영,대외유관 기관/업체 운영,대외기관 협조요청 공문 발송,official_doc,대외공문 번호 생성 | 대외기관 수신확인 로그 | 메일 제목: 대외 협조요청 발송 안내
총무,사내 서비스 운영,대외유관 기관/업체 운영,기관별 협업결과 회신서 등록,reply_doc,회신 문서 수신 로그 | 협업 항목 상태값 변경 | 대외협업 이력대장 업데이트
총무,사내 서비스 운영,대외유관 기관/업체 운영,정기 협력현황 보고서 발행,status_report,기관별 협력 KPI 집계 배치 | 보고서 버전 저장 로그 | 메일 제목: 대외 협력현황 공유
총무,사내 서비스 운영,사내 전화(S-Calling) 운영,S-Calling 회선연동 매핑표 생성,mapping_table,S-Calling 계정-031회선 매핑 로그 | 교환기 연동 설정 로그 | 메일 제목: S-Calling 회선 연동 완료 안내
총무,사내 서비스 운영,사내 전화(S-Calling) 운영,통화장애 조치결과서 등록,incident_report,통화품질 이상탐지 로그 | 장애 티켓 종료 로그 | 메일 제목: S-Calling 장애 조치 완료 안내
총무,사내 서비스 운영,사내 전화(S-Calling) 운영,월간 통화품질 리포트 발행,quality_report,월간 품질 집계 배치 | 회선별 장애율 계산 로그 | 메일 제목: S-Calling 월간 품질 리포트 공유
총무,사내 서비스 운영,두발로 운영,두발로 배치계획서 확정,plan_doc,자산관리시스템 거치대 배치 로그 | 운영 대시보드 상태값 변경: 배치완료 | 메일 제목: 두발로 배치 계획 확정 안내
총무,사내 서비스 운영,두발로 운영,두발로 정비완료 보고서 등록,maintenance_report,정비 작업지시 번호 종료 로그 | 자산관리시스템 정비이력 저장 | 메일 제목: 두발로 정비 완료 안내
총무,사내 서비스 운영,두발로 운영,두발로 이용통계 리포트 발행,analytics_report,대여/반납 로그 집계 배치 | 월간 운영리포트 저장 | 메일 제목: 두발로 이용 통계 공유
총무,사내 서비스 운영,다회용기 업체 운영,다회용기 운영계약서 확정,contract_doc,구매시스템 계약번호 생성 | 전자결재 승인 로그 | 메일 제목: 다회용기 업체 계약 확정 안내
총무,사내 서비스 운영,다회용기 업체 운영,다회용기 수거실적 대장 업데이트,ledger_record,회수량 입력 로그 | 업체별 SLA 준수율 계산 로그 | 메일 제목: 다회용기 수거 실적 등록 안내
총무,사내 서비스 운영,다회용기 업체 운영,다회용기 정산내역서 발행,settlement_doc,정산 배치 실행 로그 | 청구내역 매칭 로그 | 메일 제목: 다회용기 업체 정산 완료 안내
총무,사내 인프라 관리,사무실 레이아웃 관리,좌석배치 변경계획서 확정,plan_doc,레이아웃 도면 버전 저장 | 이전 작업지시 생성 | 메일 제목: 사무실 레이아웃 변경 안내
총무,사내 인프라 관리,피트니스 관리,피트니스 시설점검 결과서 등록,inspection_report,시설점검 체크리스트 저장 | 고장항목 조치 티켓 생성 | 메일 제목: 피트니스 점검 결과 안내
총무,사내 인프라 관리,사내식당 관리,사내식당 위생점검 결과서 등록,inspection_report,위생점검 로그 저장 | 점검등급 업데이트 로그 | 메일 제목: 사내식당 위생점검 결과 안내
총무,사내 인프라 관리,사내식당 관리,주간 식단편성 확정표 발행,menu_plan,식단 편성 승인 로그 | 식자재 발주 연동 로그 | 메일 제목: 주간 식단표 공지
총무,사내 인프라 관리,주차장 관리,주차권한 배정목록 확정,allocation_list,출입차량 등록 로그 | 권한 배정 승인 로그 | 메일 제목: 주차권한 배정 안내
총무,사내 인프라 관리,"숙박시설 운영 (기숙사, 포레스트)",기숙사/포레스트 배정승인서 발행,approval_doc,숙박 배정 승인 로그 | 입실 일정 등록 로그 | 메일 제목: 숙박시설 배정 결과 안내
총무,사내 인프라 관리,회의실 운영,회의실 예약승인 목록 확정,approval_list,회의실 예약 승인 로그 | 장비 체크리스트 생성 | 메일 제목: 회의실 예약 승인 안내
총무,사내 인프라 관리,외부 사무실 운영,외부 사무실 운영비 정산서 발행,settlement_doc,운영비 지출 집계 로그 | 정산 승인 문서번호 생성 | 메일 제목: 외부 사무실 정산 완료 안내
총무,사내 인프라 관리,사택 관리,사택 배정승인서 확정,approval_doc,사택 배정 승인 로그 | 입주 점검표 저장 | 메일 제목: 사택 배정 결과 안내
총무,사내 인프라 관리,비품 관리,비품 입고검수 보고서 등록,inspection_report,입고 검수 로그 | 자산 태깅 로그 | 메일 제목: 비품 입고 완료 안내
총무,사내 인프라 관리,임직원 사진관리,프로필 사진 원본 업로드 완료,media_asset,미디어 저장소 업로드 로그 | 품질검수 상태 변경 로그 | 메일 제목: 임직원 사진 등록 완료 안내
총무,사내 인프라 관리,임직원 사진관리,인사시스템 프로필 반영완료 로그 생성,sync_log,사번별 동기화 성공/실패 로그 | 일괄 반영 배치 완료 로그 | 메일 제목: 임직원 프로필 반영 완료 안내
총무,사내 인프라 관리,건물 관리 (공조 등),건물 공조설비 점검결과서 등록,inspection_report,BMS 점검 로그 저장 | 고장설비 조치 티켓 생성 | 메일 제목: 건물 공조 점검 결과 안내
총무,임직원 지원,임원 지원,임원 지원요청 배정표 확정,allocation_table,지원요청 티켓 생성 | 담당자 배정 로그 | 메일 제목: 임원 지원 배정 안내
총무,임직원 지원,임직원 출장지원,출장 이동지원 완료확인서 발행,confirmation_doc,출장지원 요청번호 생성 | 지원 완료 체크 로그 | 메일 제목: 출장 지원 완료 안내
총무,차량 관리,법인 차량 관리,법인차량 배차확정서 발행,dispatch_doc,배차 승인 로그 | 차량 운행기록 생성 | 메일 제목: 법인차량 배차 확정 안내
총무,차량 관리,운전기사 관리,운전기사 근무스케줄 확정본 등록,schedule_doc,근무표 확정 로그 | 근태 연동 로그 | 메일 제목: 운전기사 근무일정 확정 안내
총무,차량 관리,업무버스 관리,업무버스 노선운영 계획서 확정,route_plan,노선 계획 버전 저장 | 탑승현황 집계 로그 | 메일 제목: 업무버스 노선 운영 안내
총무,협력사 관리,입점업체 운영,입점업체 계약승인서 확정,contract_doc,전자결재 승인 로그 | 계약번호 생성 | 메일 제목: 입점업체 계약 승인 완료 안내
총무,협력사 관리,입점업체 운영,입점업체 월간 정산서 발행,settlement_doc,수수료 정산 배치 로그 | 청구내역 검증 로그 | 메일 제목: 입점업체 월간 정산 완료 안내
총무,협력사 관리,상주협력사 관리,상주협력사 출입권한 부여로그 생성,access_log,출입권한 승인 로그 | 출입카드 발급 로그 | 메일 제목: 상주협력사 출입권한 부여 안내
총무,협력사 관리,상주협력사 관리,상주협력사 안전교육 이수현황표 등록,training_status,안전교육 이수 데이터 저장 | 미이수 경고 로그 | 메일 제목: 상주협력사 안전교육 이수 현황 안내
총무,공통,파견자 문의 대응,파견자 문의접수 티켓 생성,ticket_log,문의 티켓번호 생성 | 문의유형 자동분류 로그 | 메일 제목: 파견자 문의 접수 안내
총무,공통,파견자 문의 대응,파견자 문의처리 결과통보 발송,notification_mail,답변문 템플릿 저장 | 발송 이력 로그 | 처리상태 변경 로그: 완료
노사,조직문화,Change Agent,CA 운영계획서 확정,plan_doc,조직문화 포털 과제 등록 로그 | 운영계획 결재문서 번호 생성 | 메일 제목: CA 운영계획 확정 안내
노사,조직문화,Change Agent,CA 활동결과 보고서 등록,result_report,활동일지 업로드 로그 | 개선과제 상태값 변경 로그 | 메일 제목: CA 활동결과 공유
노사,조직문화,Change Agent,CA 우수사례집 발행,casebook,사례집 버전 저장 로그 | 지식관리시스템 게시 로그 | 메일 제목: CA 우수사례 배포
노사,조직문화,SCI 진단,SCI 진단 설문지 확정,survey_form,설문 문항 버전 확정 로그 | 대상자 배포 그룹 생성 로그 | 메일 제목: SCI 진단 설문 오픈 안내
노사,조직문화,SCI 진단,SCI 서베이 응답데이터 수집 완료,survey_dataset,응답 데이터 적재 로그 | 미응답자 리마인드 발송 로그 | 수집률 대시보드 갱신 로그
노사,조직문화,SCI 진단,SCI 진단 결과리포트 발행,analysis_report,결과 집계 배치 실행 로그 | 조직별 점수 산출 로그 | 메일 제목: SCI 진단 결과 공유
노사,조직문화,My Pulse 서베이,My Pulse 설문지 확정,survey_form,마이펄스 문항 버전 배포 로그 | 조직별 배포대상 확정 로그 | 메일 제목: My Pulse 설문 시작 안내
노사,조직문화,My Pulse 서베이,My Pulse 응답데이터 수집 완료,survey_dataset,마이펄스 응답 데이터 적재 | 미응답자 알림 발송 로그 | 응답률 대시보드 갱신 로그
노사,조직문화,My Pulse 서베이,My Pulse 결과리포트 발행,analysis_report,조직별 점수 집계 배치 | 저점수 경보 항목 생성 로그 | 메일 제목: My Pulse 결과 공유
노사,협의회,정기협의회,정기협의회 안건목록 확정,agenda_doc,안건 접수-선정 로그 | 안건 우선순위 확정 로그 | 메일 제목: 정기협의회 안건 확정 안내
노사,협의회,정기협의회,정기협의회 회의록 발행,minutes_doc,회의록 원본 저장 | 의결사항 태깅 로그 | 메일 제목: 정기협의회 회의록 공유
노사,노동조합,단체교섭,단체교섭 요구안 접수목록 확정,intake_list,요구안 접수번호 생성 | 안건 분류 로그 | 메일 제목: 단체교섭 요구안 접수 안내
노사,노동조합,단체교섭,단체교섭 회차별 회의록 발행,minutes_doc,회차별 회의록 저장 | 쟁점 태그 생성 로그 | 메일 제목: 단체교섭 회의록 공유
노사,노동조합,단체협약,단체협약 체결본 발행,agreement_doc,협약 체결 서명 로그 | 체결본 원본 저장 | 메일 제목: 단체협약 체결 완료 안내
노사,ER,직장내괴롭힘,직장내괴롭힘 신고케이스 생성,case_intake,신고 케이스번호 생성 | 익명보호 설정 로그 | 메일 제목: 직장내괴롭힘 신고 접수 안내
노사,ER,직장내괴롭힘,조사면담 기록서 등록,interview_record,면담기록 저장 | 증빙자료 첨부 로그 | 조사 진행상태 변경 로그
노사,ER,희망퇴직,희망퇴직 대상자 기준표 확정,criteria_doc,대상자 기준 결재 로그 | 대상자 추출 배치 로그 | 메일 제목: 희망퇴직 대상 기준 확정 안내
노사,ER,희망퇴직,희망퇴직 위로금 협의안 확정,proposal_doc,협의안 버전 저장 | 재협의 이력 로그 | 메일 제목: 희망퇴직 위로금 협의 결과 안내
노사,ER,희망퇴직,퇴직패키지 정산서 발행,settlement_doc,정산 배치 실행 로그 | 지급승인 로그 | 메일 제목: 희망퇴직 정산 완료 안내
노사,ER,생일자 기념쿠키 지급,생일자 지급대상 명단 확정,approval_list,생일자 대상 추출 배치 | 대상자 검증 로그 | 메일 제목: 생일자 기념쿠키 지급대상 확정 안내
노사,ER,생일자 기념쿠키 지급,기념쿠키 발주서 발행,order_doc,업체 발주번호 생성 | 발주 승인 로그 | 메일 제목: 생일자 기념쿠키 발주 완료 안내
노사,사건사고 관리,면담질문지 준비,면담질문지 확정본 등록,questionnaire_doc,질문지 버전 승인 로그 | 사건유형별 템플릿 매핑 로그 | 메일 제목: 면담질문지 확정 안내
노사,사건사고 관리,면담기록/요약,면담요약 보고서 발행,summary_report,요약본 생성 로그 | 검토 승인 로그 | 메일 제목: 면담요약 보고 안내
노사,사건사고 관리,유사사례 및 판례 확인,판례검토 의견서 등록,legal_opinion,판례 인용근거 링크 저장 | 법무 검토 코멘트 로그 | 메일 제목: 판례검토 의견 공유
노사,사건사고 관리,징계양정 제안,징계양정 확정안 결재완료,approval_doc,결재 승인 로그 | 확정안 원본 저장 | 메일 제목: 징계양정 확정안 공유
해외인사,공통,주재원 인사(양성),주재원 양성대상 선발명단 확정,approval_list,선발평가 점수 집계 로그 | 선발 승인 문서번호 생성 | 메일 제목: 주재원 양성대상 선발 결과 안내
해외인사,공통,주재원 인사(양성),주재원 양성과정 수료현황표 발행,training_status,LMS 수료 데이터 적재 | 미수료 리마인드 로그 | 메일 제목: 주재원 양성과정 수료 현황 공유
해외인사,인력운영,주재원 인사(선발/부임),주재원 선발평가 결과표 확정,evaluation_sheet,평가결과 집계 배치 로그 | 선발 확정 상태값 변경 | 메일 제목: 주재원 선발 결과 안내
해외인사,인력운영,주재원 인사(선발/부임),부임 일정확정서 발행,schedule_doc,부임 일정 등록 로그 | 항공/비자 준비 체크리스트 생성 | 메일 제목: 주재원 부임 일정 확정 안내
해외인사,인력운영,주재원 인사(관리),주재원 월간 운영현황표 업데이트,operation_ledger,월간 운영데이터 적재 | 이슈 분류 로그 | 메일 제목: 주재원 월간 운영현황 공유
해외인사,인력운영,주재원 인사(관리),주재원 이슈조치 결과서 등록,issue_report,이슈 티켓 생성/종결 로그 | 조치 SLA 체크 로그 | 메일 제목: 주재원 이슈 조치 결과 안내
해외인사,인력운영,주재원 인사(귀임),주재원 귀임계획서 확정,plan_doc,귀임 계획 승인 로그 | 귀임 대상 확정 로그 | 메일 제목: 주재원 귀임 계획 안내
해외인사,인력운영,주재원 인사(귀임),귀임 완료 확인서 등록,confirmation_doc,글로벌 인사시스템 상태 변경: 귀임완료 | 복귀부서 배치 로그 | 메일 제목: 주재원 귀임 완료 안내
해외인사,인력운영,STEP 운영,STEP 교환인력 선발명단 확정,approval_list,STEP 후보평가 점수 집계 | 선발 승인 문서번호 생성 | 메일 제목: STEP 교환인력 선발 결과 안내
해외인사,인력운영,STEP 운영,STEP 파견배치 확정서 발행,assignment_doc,파견 배치정보 등록 로그 | 법인 간 수용확인 로그 | 메일 제목: STEP 파견 배치 확정 안내
해외인사,인력운영,STEP 운영,STEP 복귀결과 평가서 등록,evaluation_report,복귀 후 성과평가 입력 로그 | 역량향상 지표 계산 로그 | 메일 제목: STEP 복귀 평가 결과 안내
해외인사,인력운영,양성 파견 운영(현지/STEP),양성 파견운영 계획서 확정,plan_doc,파견계획 승인 로그 | 현지/STEP 트랙 분기 로그 | 메일 제목: 양성 파견 운영계획 안내
해외인사,인력운영,양성 파견 운영(현지/STEP),양성 파견 종료평가 보고서 등록,evaluation_report,종료평가 입력 로그 | 후속배치 추천 로그 | 메일 제목: 양성 파견 종료평가 안내
해외인사,인력운영,파견 인력 부임/귀임,파견 인력 부임·귀임 통합일정표 확정,schedule_doc,부임/귀임 일정 통합 캘린더 생성 | 대상자 상태 동기화 로그 | 메일 제목: 파견 인력 부임·귀임 일정 안내
해외인사,인력운영,지표 관리,글로벌 인사지표 기준서 확정,criteria_doc,지표 정의 버전 저장 로그 | 산식 승인 로그 | 메일 제목: 글로벌 인사지표 기준 확정 안내
해외인사,인력운영,지표 관리,월간 지표 모니터링 리포트 발행,monitoring_report,월간 지표 집계 배치 | 이상치 탐지 로그 | 메일 제목: 글로벌 인사지표 월간 리포트 공유
해외인사,인력운영,조직 관리,글로벌 조직변경안 확정본 등록,org_revision_doc,조직변경안 승인 로그 | 조직도 버전 업데이트 로그 | 메일 제목: 글로벌 조직 변경 안내
해외인사,임원인사,VP 승격,상무(VP) 승격 대상자 검토표 확정,review_sheet,승격심사 점수 집계 로그 | 임원인사위원회 검토 로그 | 메일 제목: 상무 승격 검토 결과 안내
해외인사,임원인사,VP 승격,상무(VP) 승격 인사명령서 발행,hr_order,인사명령 문서번호 생성 | 인사시스템 직급 변경 로그 | 메일 제목: 상무 승격 인사발령 안내
해외인사,임원인사,현채인 평가,현채인 평가대상 명단 확정,approval_list,평가대상 추출 로그 | 평가주기 매핑 로그 | 메일 제목: 현채인 평가대상 확정 안내
해외인사,임원인사,현채인 평가,현채인 평가결과 리포트 발행,analysis_report,평가결과 집계 배치 | 등급 산출 로그 | 메일 제목: 현채인 평가결과 공유
해외인사,주재원 제도,평가 운영,주재원 평가 운영 기준서 확정,criteria_doc,평가 운영 기준 버전 저장 로그 | 평가 운영 승인 문서번호 생성 | 메일 제목: 주재원 평가 운영 기준 확정 안내
해외인사,주재원 제도,평가 운영,주재원 평가 운영 결과통보서 발행,notification_doc,평가 운영 결과 집계 로그 | 평가 운영 통보 발송 로그 | 메일 제목: 주재원 평가 운영 결과 안내
해외인사,주재원 제도,승격 운영,주재원 승격 운영 기준서 확정,criteria_doc,승격 운영 기준 버전 저장 로그 | 승격 운영 승인 문서번호 생성 | 메일 제목: 주재원 승격 운영 기준 확정 안내
해외인사,주재원 제도,승격 운영,주재원 승격 운영 결과통보서 발행,notification_doc,승격 운영 결과 집계 로그 | 승격 운영 통보 발송 로그 | 메일 제목: 주재원 승격 운영 결과 안내
해외인사,주재원 제도,시상 운영,주재원 시상 운영 기준서 확정,criteria_doc,시상 운영 기준 버전 저장 로그 | 시상 운영 승인 문서번호 생성 | 메일 제목: 주재원 시상 운영 기준 확정 안내
해외인사,주재원 제도,시상 운영,주재원 시상 운영 결과통보서 발행,notification_doc,시상 운영 결과 집계 로그 | 시상 운영 통보 발송 로그 | 메일 제목: 주재원 시상 운영 결과 안내
해외인사,주재원 제도,징계 관리,주재원 징계 관리 기준서 확정,criteria_doc,징계 관리 기준 버전 저장 로그 | 징계 관리 승인 문서번호 생성 | 메일 제목: 주재원 징계 관리 기준 확정 안내
해외인사,주재원 제도,징계 관리,주재원 징계 관리 결과통보서 발행,notification_doc,징계 관리 결과 집계 로그 | 징계 관리 통보 발송 로그 | 메일 제목: 주재원 징계 관리 결과 안내
해외인사,보상,인센티브 지급조직 정비,글로벌 인센티브 지급조직 설계안 확정,design_doc,조직설계안 버전 저장 | 검토 승인 로그 | 메일 제목: 인센티브 지급조직 설계안 확정 안내
해외인사,보상,인센티브 지급조직 정비,인센티브 지급조직 반영 완료로그 생성,sync_log,인사시스템 조직반영 로그 | 권한 매핑 검증 로그 | 메일 제목: 인센티브 지급조직 반영 완료 안내
해외인사,채용,재입사 기준 관리,재입사 심사기준서 확정,criteria_doc,기준서 버전관리 로그 | 법인별 예외규정 매핑 로그 | 메일 제목: 재입사 기준 확정 안내
해외인사,채용,재입사 기준 관리,재입사 심사결과 통보서 발행,notification_doc,심사결과 승인 로그 | 후보자 통보 발송 로그 | 메일 제목: 재입사 심사결과 안내
해외인사,채용,현지 한국인 채용 관리,현지 한국인 채용요청서 등록,request_doc,채용요청 티켓 생성 | 법인 요청 승인 로그 | 메일 제목: 현지 한국인 채용요청 접수 안내
해외인사,채용,현지 한국인 채용 관리,현지 한국인 채용결과 보고서 발행,result_report,채용결과 집계 배치 | 입사예정자 동기화 로그 | 메일 제목: 현지 한국인 채용결과 공유
해외인사,교육/양성,글로벌 리더 양성 교육,글로벌 리더 양성과정 기획서 확정,plan_doc,과정기획 승인 로그 | 대상자 배정 로그 | 메일 제목: 글로벌 리더 양성 교육 안내
해외인사,교육/양성,글로벌 리더 양성 교육,글로벌 리더 양성 수료현황표 발행,training_status,LMS 수료데이터 적재 | 과정별 성취도 집계 로그 | 메일 제목: 글로벌 리더 양성 수료 현황 공유
해외인사,교육/양성,거점장(법인장) 교육,법인장 교육 커리큘럼 확정본 등록,curriculum_doc,법인장 교육과정 승인 로그 | 강사/세션 배정 로그 | 메일 제목: 법인장 교육 커리큘럼 확정 안내
해외인사,교육/양성,거점장(법인장) 교육,법인장 교육 효과분석 리포트 발행,analysis_report,교육 전후 지표 비교 배치 | 현업 적용사례 수집 로그 | 메일 제목: 법인장 교육 효과분석 공유
해외인사,교육/양성,주재원 교육,주재원 교육과정 운영계획서 확정,plan_doc,교육일정 승인 로그 | 교재 배포 로그 | 메일 제목: 주재원 교육 운영계획 안내
해외인사,교육/양성,주재원 교육,주재원 교육 수료평가 결과서 발행,evaluation_report,평가점수 집계 로그 | 수료판정 로그 | 메일 제목: 주재원 교육 수료평가 결과 안내
해외인사,노사관리,"컨설팅, 진단",해외법인 노사진단 계획서 확정,plan_doc,진단대상 선정 로그 | 진단계획 승인 로그 | 메일 제목: 해외법인 노사진단 계획 안내
해외인사,노사관리,"컨설팅, 진단",해외법인 노사진단 결과보고서 발행,analysis_report,진단결과 집계 로그 | 리스크 등급 산출 로그 | 메일 제목: 해외법인 노사진단 결과 공유
해외인사,노사관리,사건사고 관리,해외법인 사건사고 케이스 등록,case_intake,사건사고 케이스번호 생성 | 초기조치 상태값 기록 | 메일 제목: 해외법인 사건사고 접수 안내
해외인사,노사관리,사건사고 관리,해외법인 사건사고 조치결과서 발행,result_report,조치결과 승인 로그 | 재발방지 과제 등록 로그 | 메일 제목: 해외법인 사건사고 조치결과 안내
해외인사,M&A,(실사) 실사문서 분류,실사문서 분류대장 확정,classification_ledger,실사문서 분류규칙 저장 | 문서별 카테고리 태깅 로그 | 메일 제목: 실사문서 분류 완료 안내
해외인사,M&A,(실사) 실사문서 독해,실사문서 독해노트 등록,review_note,핵심조항 추출 로그 | 리스크 문장 하이라이트 저장 | 메일 제목: 실사문서 독해노트 공유
해외인사,M&A,(실사) 실사결과 분석,실사결과 분석리포트 발행,analysis_report,리스크 점수 산출 배치 | 재무/노무 이슈 매핑 로그 | 메일 제목: 실사결과 분석 공유
해외인사,M&A,(실사) 시사점 도출 및 보고,실사 시사점 보고서 확정,insight_report,시사점 우선순위 확정 로그 | 보고서 승인 로그 | 메일 제목: 실사 시사점 보고 안내
해외인사,M&A,(PMI) 계획 수립,PMI 통합실행계획서 확정,integration_plan,통합과제 로드맵 저장 | 과제 오너 할당 로그 | 메일 제목: PMI 통합실행계획 확정 안내
해외인사,M&A,(PMI) Best Practice 분석,PMI 베스트프랙티스 분석서 발행,benchmark_report,레퍼런스 비교분석 로그 | 적용 후보안 태깅 로그 | 메일 제목: PMI 베스트프랙티스 분석 공유
해외인사,M&A,(자회사 운영) 운영 유형 결정,자회사 운영유형 결정서 확정,decision_doc,운영유형 시나리오 평가 로그 | 의사결정 승인 로그 | 메일 제목: 자회사 운영유형 결정 안내
해외인사,M&A,(자회사 운영) 운영 방식 개선,자회사 운영방식 개선안 발행,improvement_plan,개선과제 등록 로그 | 이행 KPI 매핑 로그 | 메일 제목: 자회사 운영방식 개선안 공유
채용,채용계획,채용 계획 수립(경영계획),연간 채용수요 산정표 확정,planning_sheet,ATS 채용요청 집계 로그 | 사업부 수요 입력 마감 로그 | 메일 제목: 연간 채용수요 산정표 확정 안내
채용,채용계획,채용 계획 수립(경영계획),채용TO 배정안 승인완료,approval_doc,전자결재 승인 로그 | ATS requisition 생성 로그 | 메일 제목: 채용 TO 배정안 승인 완료 안내
채용,채용계획,직무기술서 작성,직무기술서 승인본 확정,jd_final,JD 승인 워크플로우 로그 | 문서 버전 잠금 로그 | 메일 제목: 직무기술서 승인본 확정 안내
채용,인재발굴,인재 소싱 채널 선정 및 액팅,소싱채널 운영전략서 확정,strategy_doc,채널 성과지표 집계 로그 | 운영전략 승인 로그 | 메일 제목: 소싱채널 운영전략 확정 안내
채용,인재발굴,인재 소싱 채널 선정 및 액팅,후보자 발굴리스트 등록,candidate_list,ATS 소싱 후보 등록 로그 | 후보자 중복검사 로그 | 메일 제목: 소싱 후보자 리스트 등록 안내
채용,선발전형,서류심사,서류심사 기준표 확정,criteria_doc,심사기준 버전 저장 로그 | 현업 승인 로그 | 메일 제목: 서류심사 기준 확정 안내
채용,선발전형,서류심사,서류평가 결과표 발행,evaluation_sheet,ATS 서류평가 입력 로그 | 평가점수 집계 배치 로그 | 메일 제목: 서류평가 결과 안내
채용,선발전형,"자격 검증(GSAT, 코딩 테스트 등)",검정결과 성적표 발행,score_report,시험결과 업로드 로그 | 커트라인 적용 로그 | ATS 상태 변경 로그: 검정합격/불합격
채용,선발전형,면접,면접일정표 확정본 발행,schedule_doc,ATS 인터뷰 슬롯 확정 로그 | 지원자 일정 확정 로그 | 메일 제목: 면접일정 확정 안내
채용,선발전형,면접,면접평가표 취합본 등록,evaluation_bundle,면접평가 입력 로그 | 평가표 취합 배치 로그 | ATS 상태 변경 로그: 면접완료
채용,선발전형,채용 및 처우 승인,채용승인 결재문서 완료,approval_doc,채용승인 결재 로그 | ATS 상태 변경 로그: 채용승인완료 | 메일 제목: 채용 승인 완료 안내
채용,선발전형,채용 및 처우 승인,오퍼레터 발송완료 로그 생성,offer_log,오퍼레터 생성 로그 | 전자서명 발송 로그 | ATS 상태 변경 로그: 오퍼발송
채용,채용 후속조치,선확보 인력 관리,선확보 인력 등록대장 생성,ledger_record,ATS 선확보 후보 등록 로그 | 보유기간 태깅 로그 | 메일 제목: 선확보 인력 등록 완료 안내
채용,채용 후속조치,입사 및 온보딩,입사 전 O/T 이수결과표 등록,training_status,O/T 참석체크 로그 | 이수여부 판정 로그 | 메일 제목: 입사 전 O/T 이수 결과 안내
채용,채용 후속조치,입사 및 온보딩,입사발령(Workday) 반영완료 로그 생성,sync_log,Workday hire event 생성 로그 | 인사시스템 사번 발급 로그 | ATS 상태 변경 로그: 입사확정
채용,채용 후속조치,입사 및 온보딩,입문교육 수료결과표 발행,training_status,LMS 수료데이터 적재 | 평가결과 저장 로그 | 메일 제목: 입문교육 수료 결과 안내
보상/근태,지급업무,정기급여,월 급여전표 승인완료,payroll_voucher,ERP 급여전표 승인 로그 | 급여 마감 배치 완료 로그 | 메일 제목: 정기급여 전표 승인 완료 안내
보상/근태,지급업무,정기급여,급여이체 파일 생성완료,bank_file,은행이체 파일 생성 로그 | 계좌검증 오류체크 로그 | 메일 제목: 정기급여 이체파일 생성 안내
보상/근태,지급업무,정기급여,급여명세서 발행완료,payslip,명세서 PDF 발행 로그 | 사번별 배포 로그 | 메일 제목: 급여명세서 발행 안내
보상/근태,지급업무,인센티브,인센티브 지급대상 명단 확정,approval_list,성과등급 연동 로그 | 지급대상 승인 로그 | 메일 제목: 인센티브 지급대상 확정 안내
보상/근태,지급업무,인센티브,인센티브 지급전표 승인완료,payroll_voucher,ERP 인센티브 전표 승인 로그 | 세액 계산 배치 로그 | 메일 제목: 인센티브 전표 승인 완료 안내
보상/근태,지급업무,연차수당,연차수당 산정내역서 확정,calculation_sheet,잔여연차 산정 로그 | 통상임금 반영 로그 | 메일 제목: 연차수당 산정내역 확정 안내
보상/근태,퇴직정산,퇴직자 미지급액 지급,퇴직 미지급액 정산서 발행,settlement_doc,미지급 항목 집계 로그 | 정산서 생성 로그 | 메일 제목: 퇴직 미지급액 정산 안내
보상/근태,퇴직정산,퇴직금 지급,퇴직금 산정확인서 확정,calculation_sheet,평균임금 산정 로그 | 근속연수 계산 로그 | 메일 제목: 퇴직금 산정확인서 확정 안내
보상/근태,퇴직정산,퇴직연금,퇴직연금 적립금 이관파일 생성,transfer_file,퇴직연금 이관파일 생성 로그 | 사업자 전송 로그 | 메일 제목: 퇴직연금 이관파일 전송 안내
보상/근태,연말정산,연말정산,연말정산 신고파일 생성완료,tax_file,연말정산 데이터 집계 배치 | 신고파일 생성 로그 | 메일 제목: 연말정산 신고파일 생성 안내
보상/근태,보상기획,경영계획,인건비 경영계획안 확정,plan_doc,인건비 시뮬레이션 로그 | 계획안 승인 로그 | 메일 제목: 인건비 경영계획 확정 안내
보상/근태,보상기획,임금조정,임금조정 시뮬레이션 결과서 확정,simulation_report,임금조정 시뮬레이션 로그 | 시나리오 비교 저장 로그 | 메일 제목: 임금조정 시뮬레이션 결과 안내
보상/근태,법정복리후생,국민연금 정기결정,국민연금 정기결정 신고서 발행,edi_report,국민연금 EDI 신고파일 생성 | 공단 전송 로그 | 메일 제목: 국민연금 정기결정 신고 완료 안내
보상/근태,법정복리후생,건강보험/노인장기요양보험 정산,건강/장기요양 정산서 발행,settlement_doc,정산 계산 로그 | 공단 EDI 전송 로그 | 메일 제목: 건강/장기요양 정산 완료 안내
보상/근태,법정복리후생,고용보험 자격관리,고용보험 자격변동 신고완료 로그 생성,edi_log,자격변동 신고파일 생성 | 고용보험 EDI 전송 로그 | 메일 제목: 고용보험 자격변동 신고 완료 안내
보상/근태,법정복리후생,산재보험 신고,산재보험 신고서 발행,edi_report,산재신고 데이터 입력 로그 | 공단 EDI 전송 로그 | 메일 제목: 산재보험 신고 완료 안내
보상/근태,기업복리후생,의료비,의료비 지원금 정산서 발행,settlement_doc,의료비 청구서 검증 로그 | 지원금 지급전표 승인 로그 | 메일 제목: 의료비 지원금 지급 안내
보상/근태,기업복리후생,학자금,학자금 지급완료 로그 생성,payment_log,학자금 대상자 검증 로그 | 학자금 지급 배치 로그 | 메일 제목: 학자금 지급 완료 안내
보상/근태,기업복리후생,대부금,대부금 심사승인서 확정,approval_doc,대부심사 점수 산정 로그 | 승인 결재 로그 | 메일 제목: 대부금 심사승인 안내
보상/근태,기업복리후생,임직원검진,검진결과 수검현황 리포트 발행,health_report,수검데이터 수신 로그 | 미수검자 리마인드 로그 | 메일 제목: 임직원검진 수검현황 공유
보상/근태,근태운영 및 관리,근무형태 생성,근무형태 코드 등록완료,master_data,근무형태 코드 생성 로그 | 적용조직 매핑 로그 | 메일 제목: 근무형태 코드 등록 안내
보상/근태,근태운영 및 관리,Office근무시간오류관리,근무시간 오류조정 내역서 발행,adjustment_sheet,오류탐지 로그 | 조정승인 결재 로그 | 메일 제목: 근무시간 오류조정 결과 안내
보상/근태,근태운영 및 관리,초과근무시간반영,초과근무 결재로그 생성,approval_log,초과근무 신청 승인 로그 | 결재 완료 로그 | 메일 제목: 초과근무 승인 완료 안내
보상/근태,근태운영 및 관리,일반근태,일반근태 월마감 확정표 발행,closing_sheet,근태 월마감 배치 로그 | 결근/지각 집계 로그 | 메일 제목: 일반근태 월마감 확정 안내
보상/근태,근태운영 및 관리,임직원휴가생성,임직원 휴가잔여 생성완료 로그,balance_log,휴가잔여 생성 배치 로그 | 이월규칙 적용 로그 | 메일 제목: 임직원 휴가잔여 생성 완료 안내
임원조직,인력운영,임원 석세션 플랜,임원 석세션 후보군 명단 확정,approval_list,보안문서 열람 로그 | 인사위원회 심사 의결 로그 | 메일 제목: 임원 석세션 후보군 확정 안내
임원조직,인력운영,임원 석세션 플랜,임원 석세션 로드맵 확정본 등록,roadmap_doc,보안문서 버전 잠금 로그 | 후보군-포지션 매핑 로그 | 이사회 상정 안건 로그
임원조직,인력운영,임원 피드백 면담,임원 피드백 면담기록서 등록,interview_record,면담기록 보안저장 로그 | 열람권한 부여 로그 | 면담 완료 상태 변경 로그
임원조직,인력운영,핵심리더 선발,핵심리더 심사 의결서 등록,decision_doc,인사위원회 심사 의결 로그 | 평가점수 집계 로그 | 이사회 상정 안건 로그
임원조직,인력운영,임원 근원 및 인물평,임원 인물평가 데이터 취합본 등록,evaluation_bundle,인물평 원천데이터 업로드 로그 | 보안문서 열람 로그 | 데이터 정합성 검증 로그
임원조직,인력운영,임원 근원 및 인물평,임원 인물평가 결과보고서 발행,analysis_report,평가결과 집계 배치 로그 | 심사 의결 반영 로그 | 메일 제목: 임원 인물평가 결과 공유
임원조직,인력운영,조직도 작성,임원 조직도 개정본 확정,org_chart,조직도 버전 업데이트 로그 | 승인 결재 로그 | 메일 제목: 임원 조직도 개정 안내
임원조직,인력운영,임원 계약 및 퇴임,임원 계약서 확정본 등록,contract_doc,계약서 보안저장 로그 | 계약 승인 의결 로그 | 메일 제목: 임원 계약 확정 안내
임원조직,인력운영,임원 계약 및 퇴임,임원 퇴임 인사명령서 발행,hr_order,퇴임 인사명령 문서번호 생성 | 인사시스템 직책 변경 로그 | 메일 제목: 임원 퇴임 발령 안내
임원조직,인력운영,퇴임임원 후속조치,퇴임임원 권한회수 완료로그 생성,security_log,시스템 권한회수 로그 | 보안계정 비활성화 로그 | 메일 제목: 퇴임임원 권한회수 완료 안내
임원조직,조직개편,정기 조직개편,정기 조직개편안 확정본 등록,reorg_doc,조직개편안 승인 로그 | 보안문서 열람 로그 | 이사회 상정 안건 로그
임원조직,조직개편,정기 조직개편,정기 조직개편 발령문 발행,hr_order,발령문 문서번호 생성 | 인사시스템 조직반영 로그 | 메일 제목: 정기 조직개편 발령 안내
임원조직,조직개편,수시 조직개편,수시 조직개편 반영완료 로그 생성,sync_log,조직반영 배치 로그 | 직책 변경 매핑 로그 | 메일 제목: 수시 조직개편 반영 완료 안내
임원조직,교육/양성,SLP/TLP 과정,SLP/TLP 과정 운영계획서 확정,plan_doc,과정 승인 로그 | 참여자 확정 로그 | 메일 제목: SLP/TLP 과정 운영계획 안내
임원조직,교육/양성,SLP/TLP 과정,SLP/TLP 수료결과표 발행,training_status,LMS 수료데이터 적재 | 평가결과 집계 로그 | 메일 제목: SLP/TLP 수료결과 안내
임원조직,교육/양성,임원 부부 명상과정,임원 부부 명상과정 일정확정서 발행,schedule_doc,일정 확정 로그 | 참여자 초청 발송 로그 | 메일 제목: 임원 부부 명상과정 일정 안내
임원조직,교육/양성,그룹장 양성과정,그룹장 양성과정 대상자 선발명단 확정,approval_list,대상자 선발평가 로그 | 선발 승인 로그 | 메일 제목: 그룹장 양성과정 대상자 확정 안내
임원조직,교육/양성,그룹장 양성과정,그룹장 양성과정 평가결과 보고서 발행,evaluation_report,과정 평가점수 집계 로그 | 성과분석 리포트 생성 로그 | 메일 제목: 그룹장 양성과정 평가결과 공유
인력운영,인력이동,사내 Job Posting,사내 Job Posting 발령통지서 발행,hr_order,Workday 상태값 변경 로그: 사내 Job Posting | 인사발령 승인 로그 | 메일 제목: 사내 Job Posting 발령 안내
인력운영,인력이동,사내 Job Posting,사내 Job Posting 이행상태 로그 생성,status_log,전배/휴복직 상태변경 로그: 사내 Job Posting | 조직배치 반영 로그 | 월간 이행현황 집계 로그: 사내 Job Posting
인력운영,인력이동,개별 전배,개별 전배 발령통지서 발행,hr_order,Workday 상태값 변경 로그: 개별 전배 | 인사발령 승인 로그 | 메일 제목: 개별 전배 발령 안내
인력운영,인력이동,개별 전배,개별 전배 이행상태 로그 생성,status_log,전배/휴복직 상태변경 로그: 개별 전배 | 조직배치 반영 로그 | 월간 이행현황 집계 로그: 개별 전배
인력운영,인력이동,전입,전입 발령통지서 발행,hr_order,Workday 상태값 변경 로그: 전입 | 인사발령 승인 로그 | 메일 제목: 전입 발령 안내
인력운영,인력이동,전입,전입 이행상태 로그 생성,status_log,전배/휴복직 상태변경 로그: 전입 | 조직배치 반영 로그 | 월간 이행현황 집계 로그: 전입
인력운영,휴복직,휴직,휴직 발령통지서 발행,hr_order,Workday 상태값 변경 로그: 휴직 | 인사발령 승인 로그 | 메일 제목: 휴직 발령 안내
인력운영,휴복직,휴직,휴직 이행상태 로그 생성,status_log,전배/휴복직 상태변경 로그: 휴직 | 조직배치 반영 로그 | 월간 이행현황 집계 로그: 휴직
인력운영,휴복직,복직,복직 발령통지서 발행,hr_order,Workday 상태값 변경 로그: 복직 | 인사발령 승인 로그 | 메일 제목: 복직 발령 안내
인력운영,휴복직,복직,복직 이행상태 로그 생성,status_log,전배/휴복직 상태변경 로그: 복직 | 조직배치 반영 로그 | 월간 이행현황 집계 로그: 복직
인력운영,퇴직,퇴직,퇴직 발령통지서 발행,hr_order,Workday 상태값 변경 로그: 퇴직 | 인사발령 승인 로그 | 메일 제목: 퇴직 발령 안내
인력운영,퇴직,퇴직,퇴직 이행상태 로그 생성,status_log,전배/휴복직 상태변경 로그: 퇴직 | 조직배치 반영 로그 | 월간 이행현황 집계 로그: 퇴직
인력운영,퇴직,리텐션,리텐션 발령통지서 발행,hr_order,Workday 상태값 변경 로그: 리텐션 | 인사발령 승인 로그 | 메일 제목: 리텐션 발령 안내
인력운영,퇴직,리텐션,리텐션 이행상태 로그 생성,status_log,전배/휴복직 상태변경 로그: 리텐션 | 조직배치 반영 로그 | 월간 이행현황 집계 로그: 리텐션
인력운영,인력 활용,리스킬링,리스킬링 발령통지서 발행,hr_order,Workday 상태값 변경 로그: 리스킬링 | 인사발령 승인 로그 | 메일 제목: 리스킬링 발령 안내
인력운영,인력 활용,리스킬링,리스킬링 이행상태 로그 생성,status_log,전배/휴복직 상태변경 로그: 리스킬링 | 조직배치 반영 로그 | 월간 이행현황 집계 로그: 리스킬링
인력운영,인력 활용,시니어,시니어 발령통지서 발행,hr_order,Workday 상태값 변경 로그: 시니어 | 인사발령 승인 로그 | 메일 제목: 시니어 발령 안내
인력운영,인력 활용,시니어,시니어 이행상태 로그 생성,status_log,전배/휴복직 상태변경 로그: 시니어 | 조직배치 반영 로그 | 월간 이행현황 집계 로그: 시니어
인력운영,인력 활용,사업특화 제도,사업특화 제도 발령통지서 발행,hr_order,Workday 상태값 변경 로그: 사업특화 제도 | 인사발령 승인 로그 | 메일 제목: 사업특화 제도 발령 안내
인력운영,인력 활용,사업특화 제도,사업특화 제도 이행상태 로그 생성,status_log,전배/휴복직 상태변경 로그: 사업특화 제도 | 조직배치 반영 로그 | 월간 이행현황 집계 로그: 사업특화 제도
인력운영,인력계획,인력 계획,인력 계획 발령통지서 발행,hr_order,Workday 상태값 변경 로그: 인력 계획 | 인사발령 승인 로그 | 메일 제목: 인력 계획 발령 안내
인력운영,인력계획,인력 계획,인력 계획 이행상태 로그 생성,status_log,전배/휴복직 상태변경 로그: 인력 계획 | 조직배치 반영 로그 | 월간 이행현황 집계 로그: 인력 계획
인력운영,인력계획,수정경영계획,수정경영계획 발령통지서 발행,hr_order,Workday 상태값 변경 로그: 수정경영계획 | 인사발령 승인 로그 | 메일 제목: 수정경영계획 발령 안내
인력운영,인력계획,수정경영계획,수정경영계획 이행상태 로그 생성,status_log,전배/휴복직 상태변경 로그: 수정경영계획 | 조직배치 반영 로그 | 월간 이행현황 집계 로그: 수정경영계획
인력운영,인력정보,제증명 관리,제증명 관리 발령통지서 발행,hr_order,Workday 상태값 변경 로그: 제증명 관리 | 인사발령 승인 로그 | 메일 제목: 제증명 관리 발령 안내
인력운영,인력정보,제증명 관리,제증명 관리 이행상태 로그 생성,status_log,전배/휴복직 상태변경 로그: 제증명 관리 | 조직배치 반영 로그 | 월간 이행현황 집계 로그: 제증명 관리
인력운영,인력정보,인력 DB 관리,인력 DB 관리 발령통지서 발행,hr_order,Workday 상태값 변경 로그: 인력 DB 관리 | 인사발령 승인 로그 | 메일 제목: 인력 DB 관리 발령 안내
인력운영,인력정보,인력 DB 관리,인력 DB 관리 이행상태 로그 생성,status_log,전배/휴복직 상태변경 로그: 인력 DB 관리 | 조직배치 반영 로그 | 월간 이행현황 집계 로그: 인력 DB 관리
인력운영,인력정보,인사발령,인사발령 발령통지서 발행,hr_order,Workday 상태값 변경 로그: 인사발령 | 인사발령 승인 로그 | 메일 제목: 인사발령 발령 안내
인력운영,인력정보,인사발령,인사발령 이행상태 로그 생성,status_log,전배/휴복직 상태변경 로그: 인사발령 | 조직배치 반영 로그 | 월간 이행현황 집계 로그: 인사발령
인력운영,인력정보,분석,분석 발령통지서 발행,hr_order,Workday 상태값 변경 로그: 분석 | 인사발령 승인 로그 | 메일 제목: 분석 발령 안내
인력운영,인력정보,분석,분석 이행상태 로그 생성,status_log,전배/휴복직 상태변경 로그: 분석 | 조직배치 반영 로그 | 월간 이행현황 집계 로그: 분석
인력운영,인력정보,사원정보 관리,사원정보 관리 발령통지서 발행,hr_order,Workday 상태값 변경 로그: 사원정보 관리 | 인사발령 승인 로그 | 메일 제목: 사원정보 관리 발령 안내
인력운영,인력정보,사원정보 관리,사원정보 관리 이행상태 로그 생성,status_log,전배/휴복직 상태변경 로그: 사원정보 관리 | 조직배치 반영 로그 | 월간 이행현황 집계 로그: 사원정보 관리
인력운영,비정규/계약직 인력 관리,파견직 관리,파견직 관리 발령통지서 발행,hr_order,Workday 상태값 변경 로그: 파견직 관리 | 인사발령 승인 로그 | 메일 제목: 파견직 관리 발령 안내
인력운영,비정규/계약직 인력 관리,파견직 관리,파견직 관리 이행상태 로그 생성,status_log,전배/휴복직 상태변경 로그: 파견직 관리 | 조직배치 반영 로그 | 월간 이행현황 집계 로그: 파견직 관리
인력운영,비정규/계약직 인력 관리,시간선택제 관리,시간선택제 관리 발령통지서 발행,hr_order,Workday 상태값 변경 로그: 시간선택제 관리 | 인사발령 승인 로그 | 메일 제목: 시간선택제 관리 발령 안내
인력운영,비정규/계약직 인력 관리,시간선택제 관리,시간선택제 관리 이행상태 로그 생성,status_log,전배/휴복직 상태변경 로그: 시간선택제 관리 | 조직배치 반영 로그 | 월간 이행현황 집계 로그: 시간선택제 관리
인력운영,비정규/계약직 인력 관리,예비군 관리,예비군 관리 발령통지서 발행,hr_order,Workday 상태값 변경 로그: 예비군 관리 | 인사발령 승인 로그 | 메일 제목: 예비군 관리 발령 안내
인력운영,비정규/계약직 인력 관리,예비군 관리,예비군 관리 이행상태 로그 생성,status_log,전배/휴복직 상태변경 로그: 예비군 관리 | 조직배치 반영 로그 | 월간 이행현황 집계 로그: 예비군 관리
인력운영,비정규/계약직 인력 관리,촉탁계약직 관리,촉탁계약직 관리 발령통지서 발행,hr_order,Workday 상태값 변경 로그: 촉탁계약직 관리 | 인사발령 승인 로그 | 메일 제목: 촉탁계약직 관리 발령 안내
인력운영,비정규/계약직 인력 관리,촉탁계약직 관리,촉탁계약직 관리 이행상태 로그 생성,status_log,전배/휴복직 상태변경 로그: 촉탁계약직 관리 | 조직배치 반영 로그 | 월간 이행현황 집계 로그: 촉탁계약직 관리
제도,그라운드룰&업무목표&수시피드백,가이드 수립/배포 및 시스템 준비,가이드 수립·배포 및 시스템 준비 심사의결서 확정,decision_doc,인사위원회 심사 의결 로그: 가이드 수립·배포 및 시스템 준비 | 보안문서 열람 로그 | 메일 제목: 가이드 수립·배포 및 시스템 준비 심사결과 안내
제도,그라운드룰&업무목표&수시피드백,가이드 수립/배포 및 시스템 준비,가이드 수립·배포 및 시스템 준비 결과통보서 발송,notification_doc,결과 확정 상태값 변경 로그: 가이드 수립·배포 및 시스템 준비 | 통보 메일 발송 로그 | 이의신청 접수 로그: 가이드 수립·배포 및 시스템 준비
제도,그라운드룰&업무목표&수시피드백,대상자 확정/변경,대상자 확정·변경 심사의결서 확정,decision_doc,인사위원회 심사 의결 로그: 대상자 확정·변경 | 보안문서 열람 로그 | 메일 제목: 대상자 확정·변경 심사결과 안내
제도,그라운드룰&업무목표&수시피드백,대상자 확정/변경,대상자 확정·변경 결과통보서 발송,notification_doc,결과 확정 상태값 변경 로그: 대상자 확정·변경 | 통보 메일 발송 로그 | 이의신청 접수 로그: 대상자 확정·변경
제도,그라운드룰&업무목표&수시피드백,승인자/부서장 매핑 확정/변경,승인자·부서장 매핑 확정·변경 심사의결서 확정,decision_doc,인사위원회 심사 의결 로그: 승인자·부서장 매핑 확정·변경 | 보안문서 열람 로그 | 메일 제목: 승인자·부서장 매핑 확정·변경 심사결과 안내
제도,그라운드룰&업무목표&수시피드백,승인자/부서장 매핑 확정/변경,승인자·부서장 매핑 확정·변경 결과통보서 발송,notification_doc,결과 확정 상태값 변경 로그: 승인자·부서장 매핑 확정·변경 | 통보 메일 발송 로그 | 이의신청 접수 로그: 승인자·부서장 매핑 확정·변경
제도,그라운드룰&업무목표&수시피드백,운영 및 임직원 소통,운영 및 임직원 소통 심사의결서 확정,decision_doc,인사위원회 심사 의결 로그: 운영 및 임직원 소통 | 보안문서 열람 로그 | 메일 제목: 운영 및 임직원 소통 심사결과 안내
제도,그라운드룰&업무목표&수시피드백,운영 및 임직원 소통,운영 및 임직원 소통 결과통보서 발송,notification_doc,결과 확정 상태값 변경 로그: 운영 및 임직원 소통 | 통보 메일 발송 로그 | 이의신청 접수 로그: 운영 및 임직원 소통
제도,그라운드룰&업무목표&수시피드백,결과 분석/보고,결과 분석·보고 심사의결서 확정,decision_doc,인사위원회 심사 의결 로그: 결과 분석·보고 | 보안문서 열람 로그 | 메일 제목: 결과 분석·보고 심사결과 안내
제도,그라운드룰&업무목표&수시피드백,결과 분석/보고,결과 분석·보고 결과통보서 발송,notification_doc,결과 확정 상태값 변경 로그: 결과 분석·보고 | 통보 메일 발송 로그 | 이의신청 접수 로그: 결과 분석·보고
제도,피어리뷰,가이드 수립/배포 및 시스템 준비,가이드 수립·배포 및 시스템 준비 심사의결서 확정,decision_doc,인사위원회 심사 의결 로그: 가이드 수립·배포 및 시스템 준비 | 보안문서 열람 로그 | 메일 제목: 가이드 수립·배포 및 시스템 준비 심사결과 안내
제도,피어리뷰,가이드 수립/배포 및 시스템 준비,가이드 수립·배포 및 시스템 준비 결과통보서 발송,notification_doc,결과 확정 상태값 변경 로그: 가이드 수립·배포 및 시스템 준비 | 통보 메일 발송 로그 | 이의신청 접수 로그: 가이드 수립·배포 및 시스템 준비
제도,피어리뷰,대상자 확정/변경(예외자/사유 확인),대상자 확정·변경(예외자·사유 확인) 심사의결서 확정,decision_doc,인사위원회 심사 의결 로그: 대상자 확정·변경(예외자·사유 확인) | 보안문서 열람 로그 | 메일 제목: 대상자 확정·변경(예외자·사유 확인) 심사결과 안내
제도,피어리뷰,대상자 확정/변경(예외자/사유 확인),대상자 확정·변경(예외자·사유 확인) 결과통보서 발송,notification_doc,결과 확정 상태값 변경 로그: 대상자 확정·변경(예외자·사유 확인) | 통보 메일 발송 로그 | 이의신청 접수 로그: 대상자 확정·변경(예외자·사유 확인)
제도,피어리뷰,승인자/부서장 매핑 확정/변경,승인자·부서장 매핑 확정·변경 심사의결서 확정,decision_doc,인사위원회 심사 의결 로그: 승인자·부서장 매핑 확정·변경 | 보안문서 열람 로그 | 메일 제목: 승인자·부서장 매핑 확정·변경 심사결과 안내
제도,피어리뷰,승인자/부서장 매핑 확정/변경,승인자·부서장 매핑 확정·변경 결과통보서 발송,notification_doc,결과 확정 상태값 변경 로그: 승인자·부서장 매핑 확정·변경 | 통보 메일 발송 로그 | 이의신청 접수 로그: 승인자·부서장 매핑 확정·변경
제도,피어리뷰,피어리뷰 운영/ 임직원 소통,피어리뷰 운영· 임직원 소통 심사의결서 확정,decision_doc,인사위원회 심사 의결 로그: 피어리뷰 운영· 임직원 소통 | 보안문서 열람 로그 | 메일 제목: 피어리뷰 운영· 임직원 소통 심사결과 안내
제도,피어리뷰,피어리뷰 운영/ 임직원 소통,피어리뷰 운영· 임직원 소통 결과통보서 발송,notification_doc,결과 확정 상태값 변경 로그: 피어리뷰 운영· 임직원 소통 | 통보 메일 발송 로그 | 이의신청 접수 로그: 피어리뷰 운영· 임직원 소통
제도,피어리뷰,결과 분석/보고 및 결과 안내,결과 분석·보고 및 결과 안내 심사의결서 확정,decision_doc,인사위원회 심사 의결 로그: 결과 분석·보고 및 결과 안내 | 보안문서 열람 로그 | 메일 제목: 결과 분석·보고 및 결과 안내 심사결과 안내
제도,피어리뷰,결과 분석/보고 및 결과 안내,결과 분석·보고 및 결과 안내 결과통보서 발송,notification_doc,결과 확정 상태값 변경 로그: 결과 분석·보고 및 결과 안내 | 통보 메일 발송 로그 | 이의신청 접수 로그: 결과 분석·보고 및 결과 안내
제도,업적평가,가이드 수립/배포 및 시스템 준비,가이드 수립·배포 및 시스템 준비 심사의결서 확정,decision_doc,인사위원회 심사 의결 로그: 가이드 수립·배포 및 시스템 준비 | 보안문서 열람 로그 | 메일 제목: 가이드 수립·배포 및 시스템 준비 심사결과 안내
제도,업적평가,가이드 수립/배포 및 시스템 준비,가이드 수립·배포 및 시스템 준비 결과통보서 발송,notification_doc,결과 확정 상태값 변경 로그: 가이드 수립·배포 및 시스템 준비 | 통보 메일 발송 로그 | 이의신청 접수 로그: 가이드 수립·배포 및 시스템 준비
제도,업적평가,대상자 확정/변경 (예외자/사유 확인),대상자 확정·변경 (예외자·사유 확인) 심사의결서 확정,decision_doc,인사위원회 심사 의결 로그: 대상자 확정·변경 (예외자·사유 확인) | 보안문서 열람 로그 | 메일 제목: 대상자 확정·변경 (예외자·사유 확인) 심사결과 안내
제도,업적평가,대상자 확정/변경 (예외자/사유 확인),대상자 확정·변경 (예외자·사유 확인) 결과통보서 발송,notification_doc,결과 확정 상태값 변경 로그: 대상자 확정·변경 (예외자·사유 확인) | 통보 메일 발송 로그 | 이의신청 접수 로그: 대상자 확정·변경 (예외자·사유 확인)
제도,업적평가,승인자/부서장 매핑 확정/변경,승인자·부서장 매핑 확정·변경 심사의결서 확정,decision_doc,인사위원회 심사 의결 로그: 승인자·부서장 매핑 확정·변경 | 보안문서 열람 로그 | 메일 제목: 승인자·부서장 매핑 확정·변경 심사결과 안내
제도,업적평가,승인자/부서장 매핑 확정/변경,승인자·부서장 매핑 확정·변경 결과통보서 발송,notification_doc,결과 확정 상태값 변경 로그: 승인자·부서장 매핑 확정·변경 | 통보 메일 발송 로그 | 이의신청 접수 로그: 승인자·부서장 매핑 확정·변경
제도,업적평가,업적평가 운영 / 임직원 소통,업적평가 운영 · 임직원 소통 심사의결서 확정,decision_doc,인사위원회 심사 의결 로그: 업적평가 운영 · 임직원 소통 | 보안문서 열람 로그 | 메일 제목: 업적평가 운영 · 임직원 소통 심사결과 안내
제도,업적평가,업적평가 운영 / 임직원 소통,업적평가 운영 · 임직원 소통 결과통보서 발송,notification_doc,결과 확정 상태값 변경 로그: 업적평가 운영 · 임직원 소통 | 통보 메일 발송 로그 | 이의신청 접수 로그: 업적평가 운영 · 임직원 소통
제도,업적평가,결과 분석/보고 및 결과 안내,결과 분석·보고 및 결과 안내 심사의결서 확정,decision_doc,인사위원회 심사 의결 로그: 결과 분석·보고 및 결과 안내 | 보안문서 열람 로그 | 메일 제목: 결과 분석·보고 및 결과 안내 심사결과 안내
제도,업적평가,결과 분석/보고 및 결과 안내,결과 분석·보고 및 결과 안내 결과통보서 발송,notification_doc,결과 확정 상태값 변경 로그: 결과 분석·보고 및 결과 안내 | 통보 메일 발송 로그 | 이의신청 접수 로그: 결과 분석·보고 및 결과 안내
제도,업적평가,후속 조치,후속 조치 심사의결서 확정,decision_doc,인사위원회 심사 의결 로그: 후속 조치 | 보안문서 열람 로그 | 메일 제목: 후속 조치 심사결과 안내
제도,업적평가,후속 조치,후속 조치 결과통보서 발송,notification_doc,결과 확정 상태값 변경 로그: 후속 조치 | 통보 메일 발송 로그 | 이의신청 접수 로그: 후속 조치
제도,역량진단,가이드 수립/배포 및 시스템 준비,가이드 수립·배포 및 시스템 준비 심사의결서 확정,decision_doc,인사위원회 심사 의결 로그: 가이드 수립·배포 및 시스템 준비 | 보안문서 열람 로그 | 메일 제목: 가이드 수립·배포 및 시스템 준비 심사결과 안내
제도,역량진단,가이드 수립/배포 및 시스템 준비,가이드 수립·배포 및 시스템 준비 결과통보서 발송,notification_doc,결과 확정 상태값 변경 로그: 가이드 수립·배포 및 시스템 준비 | 통보 메일 발송 로그 | 이의신청 접수 로그: 가이드 수립·배포 및 시스템 준비
제도,역량진단,대상자 확정/변경 (예외자/사유 확인),대상자 확정·변경 (예외자·사유 확인) 심사의결서 확정,decision_doc,인사위원회 심사 의결 로그: 대상자 확정·변경 (예외자·사유 확인) | 보안문서 열람 로그 | 메일 제목: 대상자 확정·변경 (예외자·사유 확인) 심사결과 안내
제도,역량진단,대상자 확정/변경 (예외자/사유 확인),대상자 확정·변경 (예외자·사유 확인) 결과통보서 발송,notification_doc,결과 확정 상태값 변경 로그: 대상자 확정·변경 (예외자·사유 확인) | 통보 메일 발송 로그 | 이의신청 접수 로그: 대상자 확정·변경 (예외자·사유 확인)
제도,역량진단,승인자/부서장 매핑 확정/변경,승인자·부서장 매핑 확정·변경 심사의결서 확정,decision_doc,인사위원회 심사 의결 로그: 승인자·부서장 매핑 확정·변경 | 보안문서 열람 로그 | 메일 제목: 승인자·부서장 매핑 확정·변경 심사결과 안내
제도,역량진단,승인자/부서장 매핑 확정/변경,승인자·부서장 매핑 확정·변경 결과통보서 발송,notification_doc,결과 확정 상태값 변경 로그: 승인자·부서장 매핑 확정·변경 | 통보 메일 발송 로그 | 이의신청 접수 로그: 승인자·부서장 매핑 확정·변경
제도,역량진단,역량진단 운영 및 임직원 소통,역량진단 운영 및 임직원 소통 심사의결서 확정,decision_doc,인사위원회 심사 의결 로그: 역량진단 운영 및 임직원 소통 | 보안문서 열람 로그 | 메일 제목: 역량진단 운영 및 임직원 소통 심사결과 안내
제도,역량진단,역량진단 운영 및 임직원 소통,역량진단 운영 및 임직원 소통 결과통보서 발송,notification_doc,결과 확정 상태값 변경 로그: 역량진단 운영 및 임직원 소통 | 통보 메일 발송 로그 | 이의신청 접수 로그: 역량진단 운영 및 임직원 소통
제도,역량진단,결과 분석/보고 및 결과 안내,결과 분석·보고 및 결과 안내 심사의결서 확정,decision_doc,인사위원회 심사 의결 로그: 결과 분석·보고 및 결과 안내 | 보안문서 열람 로그 | 메일 제목: 결과 분석·보고 및 결과 안내 심사결과 안내
제도,역량진단,결과 분석/보고 및 결과 안내,결과 분석·보고 및 결과 안내 결과통보서 발송,notification_doc,결과 확정 상태값 변경 로그: 결과 분석·보고 및 결과 안내 | 통보 메일 발송 로그 | 이의신청 접수 로그: 결과 분석·보고 및 결과 안내
제도,승격,가이드 수립/배포 및 시스템 준비,가이드 수립·배포 및 시스템 준비 심사의결서 확정,decision_doc,인사위원회 심사 의결 로그: 가이드 수립·배포 및 시스템 준비 | 보안문서 열람 로그 | 메일 제목: 가이드 수립·배포 및 시스템 준비 심사결과 안내
제도,승격,가이드 수립/배포 및 시스템 준비,가이드 수립·배포 및 시스템 준비 결과통보서 발송,notification_doc,결과 확정 상태값 변경 로그: 가이드 수립·배포 및 시스템 준비 | 통보 메일 발송 로그 | 이의신청 접수 로그: 가이드 수립·배포 및 시스템 준비
제도,승격,대상자 확정/변경,대상자 확정·변경 심사의결서 확정,decision_doc,인사위원회 심사 의결 로그: 대상자 확정·변경 | 보안문서 열람 로그 | 메일 제목: 대상자 확정·변경 심사결과 안내
제도,승격,대상자 확정/변경,대상자 확정·변경 결과통보서 발송,notification_doc,결과 확정 상태값 변경 로그: 대상자 확정·변경 | 통보 메일 발송 로그 | 이의신청 접수 로그: 대상자 확정·변경
제도,승격,승인자/부서장 매핑 확정/변경,승인자·부서장 매핑 확정·변경 심사의결서 확정,decision_doc,인사위원회 심사 의결 로그: 승인자·부서장 매핑 확정·변경 | 보안문서 열람 로그 | 메일 제목: 승인자·부서장 매핑 확정·변경 심사결과 안내
제도,승격,승인자/부서장 매핑 확정/변경,승인자·부서장 매핑 확정·변경 결과통보서 발송,notification_doc,결과 확정 상태값 변경 로그: 승인자·부서장 매핑 확정·변경 | 통보 메일 발송 로그 | 이의신청 접수 로그: 승인자·부서장 매핑 확정·변경
제도,승격,승격 운영 및 임직원 소통,승격 운영 및 임직원 소통 심사의결서 확정,decision_doc,인사위원회 심사 의결 로그: 승격 운영 및 임직원 소통 | 보안문서 열람 로그 | 메일 제목: 승격 운영 및 임직원 소통 심사결과 안내
제도,승격,승격 운영 및 임직원 소통,승격 운영 및 임직원 소통 결과통보서 발송,notification_doc,결과 확정 상태값 변경 로그: 승격 운영 및 임직원 소통 | 통보 메일 발송 로그 | 이의신청 접수 로그: 승격 운영 및 임직원 소통
제도,승격,결과 분석/보고 및 결과 안내,결과 분석·보고 및 결과 안내 심사의결서 확정,decision_doc,인사위원회 심사 의결 로그: 결과 분석·보고 및 결과 안내 | 보안문서 열람 로그 | 메일 제목: 결과 분석·보고 및 결과 안내 심사결과 안내
제도,승격,결과 분석/보고 및 결과 안내,결과 분석·보고 및 결과 안내 결과통보서 발송,notification_doc,결과 확정 상태값 변경 로그: 결과 분석·보고 및 결과 안내 | 통보 메일 발송 로그 | 이의신청 접수 로그: 결과 분석·보고 및 결과 안내
제도,승격,후속 조치,후속 조치 심사의결서 확정,decision_doc,인사위원회 심사 의결 로그: 후속 조치 | 보안문서 열람 로그 | 메일 제목: 후속 조치 심사결과 안내
제도,승격,후속 조치,후속 조치 결과통보서 발송,notification_doc,결과 확정 상태값 변경 로그: 후속 조치 | 통보 메일 발송 로그 | 이의신청 접수 로그: 후속 조치
제도,연봉책정/계약,가이드 수립/배포 및 시스템 준비,가이드 수립·배포 및 시스템 준비 심사의결서 확정,decision_doc,인사위원회 심사 의결 로그: 가이드 수립·배포 및 시스템 준비 | 보안문서 열람 로그 | 메일 제목: 가이드 수립·배포 및 시스템 준비 심사결과 안내
제도,연봉책정/계약,가이드 수립/배포 및 시스템 준비,가이드 수립·배포 및 시스템 준비 결과통보서 발송,notification_doc,결과 확정 상태값 변경 로그: 가이드 수립·배포 및 시스템 준비 | 통보 메일 발송 로그 | 이의신청 접수 로그: 가이드 수립·배포 및 시스템 준비
제도,연봉책정/계약,대상자 확정/변경 (예외자/사유 확인),대상자 확정·변경 (예외자·사유 확인) 심사의결서 확정,decision_doc,인사위원회 심사 의결 로그: 대상자 확정·변경 (예외자·사유 확인) | 보안문서 열람 로그 | 메일 제목: 대상자 확정·변경 (예외자·사유 확인) 심사결과 안내
제도,연봉책정/계약,대상자 확정/변경 (예외자/사유 확인),대상자 확정·변경 (예외자·사유 확인) 결과통보서 발송,notification_doc,결과 확정 상태값 변경 로그: 대상자 확정·변경 (예외자·사유 확인) | 통보 메일 발송 로그 | 이의신청 접수 로그: 대상자 확정·변경 (예외자·사유 확인)
제도,연봉책정/계약,승인자/부서장 매핑 확정/변경,승인자·부서장 매핑 확정·변경 심사의결서 확정,decision_doc,인사위원회 심사 의결 로그: 승인자·부서장 매핑 확정·변경 | 보안문서 열람 로그 | 메일 제목: 승인자·부서장 매핑 확정·변경 심사결과 안내
제도,연봉책정/계약,승인자/부서장 매핑 확정/변경,승인자·부서장 매핑 확정·변경 결과통보서 발송,notification_doc,결과 확정 상태값 변경 로그: 승인자·부서장 매핑 확정·변경 | 통보 메일 발송 로그 | 이의신청 접수 로그: 승인자·부서장 매핑 확정·변경
제도,연봉책정/계약,연봉책정/계약 운영 및 임직원 소통,연봉책정·계약 운영 및 임직원 소통 심사의결서 확정,decision_doc,인사위원회 심사 의결 로그: 연봉책정·계약 운영 및 임직원 소통 | 보안문서 열람 로그 | 메일 제목: 연봉책정·계약 운영 및 임직원 소통 심사결과 안내
제도,연봉책정/계약,연봉책정/계약 운영 및 임직원 소통,연봉책정·계약 운영 및 임직원 소통 결과통보서 발송,notification_doc,결과 확정 상태값 변경 로그: 연봉책정·계약 운영 및 임직원 소통 | 통보 메일 발송 로그 | 이의신청 접수 로그: 연봉책정·계약 운영 및 임직원 소통
제도,연봉책정/계약,결과 분석/보고 및 결과 안내,결과 분석·보고 및 결과 안내 심사의결서 확정,decision_doc,인사위원회 심사 의결 로그: 결과 분석·보고 및 결과 안내 | 보안문서 열람 로그 | 메일 제목: 결과 분석·보고 및 결과 안내 심사결과 안내
제도,연봉책정/계약,결과 분석/보고 및 결과 안내,결과 분석·보고 및 결과 안내 결과통보서 발송,notification_doc,결과 확정 상태값 변경 로그: 결과 분석·보고 및 결과 안내 | 통보 메일 발송 로그 | 이의신청 접수 로그: 결과 분석·보고 및 결과 안내
제도,시상,가이드 수립/배포 및 시스템 준비,가이드 수립·배포 및 시스템 준비 심사의결서 확정,decision_doc,인사위원회 심사 의결 로그: 가이드 수립·배포 및 시스템 준비 | 보안문서 열람 로그 | 메일 제목: 가이드 수립·배포 및 시스템 준비 심사결과 안내
제도,시상,가이드 수립/배포 및 시스템 준비,가이드 수립·배포 및 시스템 준비 결과통보서 발송,notification_doc,결과 확정 상태값 변경 로그: 가이드 수립·배포 및 시스템 준비 | 통보 메일 발송 로그 | 이의신청 접수 로그: 가이드 수립·배포 및 시스템 준비
제도,시상,시상 운영 및 임직원 소통,시상 운영 및 임직원 소통 심사의결서 확정,decision_doc,인사위원회 심사 의결 로그: 시상 운영 및 임직원 소통 | 보안문서 열람 로그 | 메일 제목: 시상 운영 및 임직원 소통 심사결과 안내
제도,시상,시상 운영 및 임직원 소통,시상 운영 및 임직원 소통 결과통보서 발송,notification_doc,결과 확정 상태값 변경 로그: 시상 운영 및 임직원 소통 | 통보 메일 발송 로그 | 이의신청 접수 로그: 시상 운영 및 임직원 소통
제도,시상,심사결과 취합/분석 및 최종 안내,심사결과 취합·분석 및 최종 안내 심사의결서 확정,decision_doc,인사위원회 심사 의결 로그: 심사결과 취합·분석 및 최종 안내 | 보안문서 열람 로그 | 메일 제목: 심사결과 취합·분석 및 최종 안내 심사결과 안내
제도,시상,심사결과 취합/분석 및 최종 안내,심사결과 취합·분석 및 최종 안내 결과통보서 발송,notification_doc,결과 확정 상태값 변경 로그: 심사결과 취합·분석 및 최종 안내 | 통보 메일 발송 로그 | 이의신청 접수 로그: 심사결과 취합·분석 및 최종 안내
제도,시상,후속 조치,후속 조치 심사의결서 확정,decision_doc,인사위원회 심사 의결 로그: 후속 조치 | 보안문서 열람 로그 | 메일 제목: 후속 조치 심사결과 안내
제도,시상,후속 조치,후속 조치 결과통보서 발송,notification_doc,결과 확정 상태값 변경 로그: 후속 조치 | 통보 메일 발송 로그 | 이의신청 접수 로그: 후속 조치
제도,징계,가이드 수립/배포 및 시스템 준비,가이드 수립·배포 및 시스템 준비 심사의결서 확정,decision_doc,인사위원회 심사 의결 로그: 가이드 수립·배포 및 시스템 준비 | 보안문서 열람 로그 | 메일 제목: 가이드 수립·배포 및 시스템 준비 심사결과 안내
제도,징계,가이드 수립/배포 및 시스템 준비,가이드 수립·배포 및 시스템 준비 결과통보서 발송,notification_doc,결과 확정 상태값 변경 로그: 가이드 수립·배포 및 시스템 준비 | 통보 메일 발송 로그 | 이의신청 접수 로그: 가이드 수립·배포 및 시스템 준비
제도,징계,징계 검토 및 상벌위원회 운영,징계 검토 및 상벌위원회 운영 심사의결서 확정,decision_doc,인사위원회 심사 의결 로그: 징계 검토 및 상벌위원회 운영 | 보안문서 열람 로그 | 메일 제목: 징계 검토 및 상벌위원회 운영 심사결과 안내
제도,징계,징계 검토 및 상벌위원회 운영,징계 검토 및 상벌위원회 운영 결과통보서 발송,notification_doc,결과 확정 상태값 변경 로그: 징계 검토 및 상벌위원회 운영 | 통보 메일 발송 로그 | 이의신청 접수 로그: 징계 검토 및 상벌위원회 운영
제도,징계,결과 안내,결과 안내 심사의결서 확정,decision_doc,인사위원회 심사 의결 로그: 결과 안내 | 보안문서 열람 로그 | 메일 제목: 결과 안내 심사결과 안내
제도,징계,결과 안내,결과 안내 결과통보서 발송,notification_doc,결과 확정 상태값 변경 로그: 결과 안내 | 통보 메일 발송 로그 | 이의신청 접수 로그: 결과 안내
제도,징계,후속 조치,후속 조치 심사의결서 확정,decision_doc,인사위원회 심사 의결 로그: 후속 조치 | 보안문서 열람 로그 | 메일 제목: 후속 조치 심사결과 안내
제도,징계,후속 조치,후속 조치 결과통보서 발송,notification_doc,결과 확정 상태값 변경 로그: 후속 조치 | 통보 메일 발송 로그 | 이의신청 접수 로그: 후속 조치
제도,계약직/변호사 관리,표준/개별연봉 계약직 관리,표준·개별연봉 계약직 관리 심사의결서 확정,decision_doc,인사위원회 심사 의결 로그: 표준·개별연봉 계약직 관리 | 보안문서 열람 로그 | 메일 제목: 표준·개별연봉 계약직 관리 심사결과 안내
제도,계약직/변호사 관리,표준/개별연봉 계약직 관리,표준·개별연봉 계약직 관리 결과통보서 발송,notification_doc,결과 확정 상태값 변경 로그: 표준·개별연봉 계약직 관리 | 통보 메일 발송 로그 | 이의신청 접수 로그: 표준·개별연봉 계약직 관리
제도,계약직/변호사 관리,국내/해외/IP 변호사 관리,국내·해외·IP 변호사 관리 심사의결서 확정,decision_doc,인사위원회 심사 의결 로그: 국내·해외·IP 변호사 관리 | 보안문서 열람 로그 | 메일 제목: 국내·해외·IP 변호사 관리 심사결과 안내
제도,계약직/변호사 관리,국내/해외/IP 변호사 관리,국내·해외·IP 변호사 관리 결과통보서 발송,notification_doc,결과 확정 상태값 변경 로그: 국내·해외·IP 변호사 관리 | 통보 메일 발송 로그 | 이의신청 접수 로그: 국내·해외·IP 변호사 관리
교육,진단/검정,실시계획 수립,실시계획 수립 운영계획서 확정,plan_doc,LMS 과정/차수 생성 로그: 실시계획 수립 | 운영계획 승인 로그 | 메일 제목: 실시계획 수립 운영계획 안내
교육,진단/검정,실시계획 수립,실시계획 수립 수료·성과 리포트 발행,training_report,LMS 수료데이터 적재 로그: 실시계획 수립 | 성과분석 배치 로그 | 메일 제목: 실시계획 수립 결과 공유
교육,진단/검정,진단/검정 문항 분석 및 개발,진단·검정 문항 분석 및 개발 운영계획서 확정,plan_doc,LMS 과정/차수 생성 로그: 진단·검정 문항 분석 및 개발 | 운영계획 승인 로그 | 메일 제목: 진단·검정 문항 분석 및 개발 운영계획 안내
교육,진단/검정,진단/검정 문항 분석 및 개발,진단·검정 문항 분석 및 개발 수료·성과 리포트 발행,training_report,LMS 수료데이터 적재 로그: 진단·검정 문항 분석 및 개발 | 성과분석 배치 로그 | 메일 제목: 진단·검정 문항 분석 및 개발 결과 공유
교육,진단/검정,진단/검정 운영 및 평가,진단·검정 운영 및 평가 운영계획서 확정,plan_doc,LMS 과정/차수 생성 로그: 진단·검정 운영 및 평가 | 운영계획 승인 로그 | 메일 제목: 진단·검정 운영 및 평가 운영계획 안내
교육,진단/검정,진단/검정 운영 및 평가,진단·검정 운영 및 평가 수료·성과 리포트 발행,training_report,LMS 수료데이터 적재 로그: 진단·검정 운영 및 평가 | 성과분석 배치 로그 | 메일 제목: 진단·검정 운영 및 평가 결과 공유
교육,진단/검정,결과 분석/확정/보고,결과 분석·확정·보고 운영계획서 확정,plan_doc,LMS 과정/차수 생성 로그: 결과 분석·확정·보고 | 운영계획 승인 로그 | 메일 제목: 결과 분석·확정·보고 운영계획 안내
교육,진단/검정,결과 분석/확정/보고,결과 분석·확정·보고 수료·성과 리포트 발행,training_report,LMS 수료데이터 적재 로그: 결과 분석·확정·보고 | 성과분석 배치 로그 | 메일 제목: 결과 분석·확정·보고 결과 공유
교육,플랫폼,이러닝 컨텐츠 소싱/관리 및 큐레이션,이러닝 컨텐츠 소싱·관리 및 큐레이션 운영계획서 확정,plan_doc,LMS 과정/차수 생성 로그: 이러닝 컨텐츠 소싱·관리 및 큐레이션 | 운영계획 승인 로그 | 메일 제목: 이러닝 컨텐츠 소싱·관리 및 큐레이션 운영계획 안내
교육,플랫폼,이러닝 컨텐츠 소싱/관리 및 큐레이션,이러닝 컨텐츠 소싱·관리 및 큐레이션 수료·성과 리포트 발행,training_report,LMS 수료데이터 적재 로그: 이러닝 컨텐츠 소싱·관리 및 큐레이션 | 성과분석 배치 로그 | 메일 제목: 이러닝 컨텐츠 소싱·관리 및 큐레이션 결과 공유
교육,양성,선발 규모/선발 전략 수립,선발 규모·선발 전략 수립 운영계획서 확정,plan_doc,LMS 과정/차수 생성 로그: 선발 규모·선발 전략 수립 | 운영계획 승인 로그 | 메일 제목: 선발 규모·선발 전략 수립 운영계획 안내
교육,양성,선발 규모/선발 전략 수립,선발 규모·선발 전략 수립 수료·성과 리포트 발행,training_report,LMS 수료데이터 적재 로그: 선발 규모·선발 전략 수립 | 성과분석 배치 로그 | 메일 제목: 선발 규모·선발 전략 수립 결과 공유
교육,양성,선발 전형 운영,선발 전형 운영 운영계획서 확정,plan_doc,LMS 과정/차수 생성 로그: 선발 전형 운영 | 운영계획 승인 로그 | 메일 제목: 선발 전형 운영 운영계획 안내
교육,양성,선발 전형 운영,선발 전형 운영 수료·성과 리포트 발행,training_report,LMS 수료데이터 적재 로그: 선발 전형 운영 | 성과분석 배치 로그 | 메일 제목: 선발 전형 운영 결과 공유
교육,양성,양성경비/처우기준,양성경비·처우기준 운영계획서 확정,plan_doc,LMS 과정/차수 생성 로그: 양성경비·처우기준 | 운영계획 승인 로그 | 메일 제목: 양성경비·처우기준 운영계획 안내
교육,양성,양성경비/처우기준,양성경비·처우기준 수료·성과 리포트 발행,training_report,LMS 수료데이터 적재 로그: 양성경비·처우기준 | 성과분석 배치 로그 | 메일 제목: 양성경비·처우기준 결과 공유
교육,양성,파견자 관리,파견자 관리 운영계획서 확정,plan_doc,LMS 과정/차수 생성 로그: 파견자 관리 | 운영계획 승인 로그 | 메일 제목: 파견자 관리 운영계획 안내
교육,양성,파견자 관리,파견자 관리 수료·성과 리포트 발행,training_report,LMS 수료데이터 적재 로그: 파견자 관리 | 성과분석 배치 로그 | 메일 제목: 파견자 관리 결과 공유
교육,교육운영,교육 실행 계획 수립,교육 실행 계획 수립 운영계획서 확정,plan_doc,LMS 과정/차수 생성 로그: 교육 실행 계획 수립 | 운영계획 승인 로그 | 메일 제목: 교육 실행 계획 수립 운영계획 안내
교육,교육운영,교육 실행 계획 수립,교육 실행 계획 수립 수료·성과 리포트 발행,training_report,LMS 수료데이터 적재 로그: 교육 실행 계획 수립 | 성과분석 배치 로그 | 메일 제목: 교육 실행 계획 수립 결과 공유
교육,교육운영,교육 예산 계획 수립,교육 예산 계획 수립 운영계획서 확정,plan_doc,LMS 과정/차수 생성 로그: 교육 예산 계획 수립 | 운영계획 승인 로그 | 메일 제목: 교육 예산 계획 수립 운영계획 안내
교육,교육운영,교육 예산 계획 수립,교육 예산 계획 수립 수료·성과 리포트 발행,training_report,LMS 수료데이터 적재 로그: 교육 예산 계획 수립 | 성과분석 배치 로그 | 메일 제목: 교육 예산 계획 수립 결과 공유
교육,교육운영,과정 개설,과정 개설 운영계획서 확정,plan_doc,LMS 과정/차수 생성 로그: 과정 개설 | 운영계획 승인 로그 | 메일 제목: 과정 개설 운영계획 안내
교육,교육운영,과정 개설,과정 개설 수료·성과 리포트 발행,training_report,LMS 수료데이터 적재 로그: 과정 개설 | 성과분석 배치 로그 | 메일 제목: 과정 개설 결과 공유
교육,교육운영,대상자 모집/선발,대상자 모집·선발 운영계획서 확정,plan_doc,LMS 과정/차수 생성 로그: 대상자 모집·선발 | 운영계획 승인 로그 | 메일 제목: 대상자 모집·선발 운영계획 안내
교육,교육운영,대상자 모집/선발,대상자 모집·선발 수료·성과 리포트 발행,training_report,LMS 수료데이터 적재 로그: 대상자 모집·선발 | 성과분석 배치 로그 | 메일 제목: 대상자 모집·선발 결과 공유
교육,교육운영,입과안내/교육생 관리,입과안내·교육생 관리 운영계획서 확정,plan_doc,LMS 과정/차수 생성 로그: 입과안내·교육생 관리 | 운영계획 승인 로그 | 메일 제목: 입과안내·교육생 관리 운영계획 안내
교육,교육운영,입과안내/교육생 관리,입과안내·교육생 관리 수료·성과 리포트 발행,training_report,LMS 수료데이터 적재 로그: 입과안내·교육생 관리 | 성과분석 배치 로그 | 메일 제목: 입과안내·교육생 관리 결과 공유
교육,교육운영,내/외부 강사관리,내·외부 강사관리 운영계획서 확정,plan_doc,LMS 과정/차수 생성 로그: 내·외부 강사관리 | 운영계획 승인 로그 | 메일 제목: 내·외부 강사관리 운영계획 안내
교육,교육운영,내/외부 강사관리,내·외부 강사관리 수료·성과 리포트 발행,training_report,LMS 수료데이터 적재 로그: 내·외부 강사관리 | 성과분석 배치 로그 | 메일 제목: 내·외부 강사관리 결과 공유
교육,교육운영,운영준비(인프라 셋팅 등),운영준비(인프라 셋팅 등) 운영계획서 확정,plan_doc,LMS 과정/차수 생성 로그: 운영준비(인프라 셋팅 등) | 운영계획 승인 로그 | 메일 제목: 운영준비(인프라 셋팅 등) 운영계획 안내
교육,교육운영,운영준비(인프라 셋팅 등),운영준비(인프라 셋팅 등) 수료·성과 리포트 발행,training_report,LMS 수료데이터 적재 로그: 운영준비(인프라 셋팅 등) | 성과분석 배치 로그 | 메일 제목: 운영준비(인프라 셋팅 등) 결과 공유
교육,교육운영,과정 운영,과정 운영 운영계획서 확정,plan_doc,LMS 과정/차수 생성 로그: 과정 운영 | 운영계획 승인 로그 | 메일 제목: 과정 운영 운영계획 안내
교육,교육운영,과정 운영,과정 운영 수료·성과 리포트 발행,training_report,LMS 수료데이터 적재 로그: 과정 운영 | 성과분석 배치 로그 | 메일 제목: 과정 운영 결과 공유
교육,교육운영,과정설문 취합/분석,과정설문 취합·분석 운영계획서 확정,plan_doc,LMS 과정/차수 생성 로그: 과정설문 취합·분석 | 운영계획 승인 로그 | 메일 제목: 과정설문 취합·분석 운영계획 안내
교육,교육운영,과정설문 취합/분석,과정설문 취합·분석 수료·성과 리포트 발행,training_report,LMS 수료데이터 적재 로그: 과정설문 취합·분석 | 성과분석 배치 로그 | 메일 제목: 과정설문 취합·분석 결과 공유
교육,교육운영,성과분석/결과보고,성과분석·결과보고 운영계획서 확정,plan_doc,LMS 과정/차수 생성 로그: 성과분석·결과보고 | 운영계획 승인 로그 | 메일 제목: 성과분석·결과보고 운영계획 안내
교육,교육운영,성과분석/결과보고,성과분석·결과보고 수료·성과 리포트 발행,training_report,LMS 수료데이터 적재 로그: 성과분석·결과보고 | 성과분석 배치 로그 | 메일 제목: 성과분석·결과보고 결과 공유
교육,교육운영,수료 관리 및 경비처리,수료 관리 및 경비처리 운영계획서 확정,plan_doc,LMS 과정/차수 생성 로그: 수료 관리 및 경비처리 | 운영계획 승인 로그 | 메일 제목: 수료 관리 및 경비처리 운영계획 안내
교육,교육운영,수료 관리 및 경비처리,수료 관리 및 경비처리 수료·성과 리포트 발행,training_report,LMS 수료데이터 적재 로그: 수료 관리 및 경비처리 | 성과분석 배치 로그 | 메일 제목: 수료 관리 및 경비처리 결과 공유
교육,내부 컨텐츠 개발,강의안 및 교보재 개발,강의안 및 교보재 개발 운영계획서 확정,plan_doc,LMS 과정/차수 생성 로그: 강의안 및 교보재 개발 | 운영계획 승인 로그 | 메일 제목: 강의안 및 교보재 개발 운영계획 안내
교육,내부 컨텐츠 개발,강의안 및 교보재 개발,강의안 및 교보재 개발 수료·성과 리포트 발행,training_report,LMS 수료데이터 적재 로그: 강의안 및 교보재 개발 | 성과분석 배치 로그 | 메일 제목: 강의안 및 교보재 개발 결과 공유
교육,교육전략,전사 교육 전략 기획,전사 교육 전략 기획 운영계획서 확정,plan_doc,LMS 과정/차수 생성 로그: 전사 교육 전략 기획 | 운영계획 승인 로그 | 메일 제목: 전사 교육 전략 기획 운영계획 안내
교육,교육전략,전사 교육 전략 기획,전사 교육 전략 기획 수료·성과 리포트 발행,training_report,LMS 수료데이터 적재 로그: 전사 교육 전략 기획 | 성과분석 배치 로그 | 메일 제목: 전사 교육 전략 기획 결과 공유
교육,교육니즈분석,요구사항분석,요구사항분석 운영계획서 확정,plan_doc,LMS 과정/차수 생성 로그: 요구사항분석 | 운영계획 승인 로그 | 메일 제목: 요구사항분석 운영계획 안내
교육,교육니즈분석,요구사항분석,요구사항분석 수료·성과 리포트 발행,training_report,LMS 수료데이터 적재 로그: 요구사항분석 | 성과분석 배치 로그 | 메일 제목: 요구사항분석 결과 공유
교육,교육니즈분석,트렌드분석,트렌드분석 운영계획서 확정,plan_doc,LMS 과정/차수 생성 로그: 트렌드분석 | 운영계획 승인 로그 | 메일 제목: 트렌드분석 운영계획 안내
교육,교육니즈분석,트렌드분석,트렌드분석 수료·성과 리포트 발행,training_report,LMS 수료데이터 적재 로그: 트렌드분석 | 성과분석 배치 로그 | 메일 제목: 트렌드분석 결과 공유
교육,교육니즈분석,교육대상 분석,교육대상 분석 운영계획서 확정,plan_doc,LMS 과정/차수 생성 로그: 교육대상 분석 | 운영계획 승인 로그 | 메일 제목: 교육대상 분석 운영계획 안내
교육,교육니즈분석,교육대상 분석,교육대상 분석 수료·성과 리포트 발행,training_report,LMS 수료데이터 적재 로그: 교육대상 분석 | 성과분석 배치 로그 | 메일 제목: 교육대상 분석 결과 공유
교육,교육니즈분석,커리큘럼 기획,커리큘럼 기획 운영계획서 확정,plan_doc,LMS 과정/차수 생성 로그: 커리큘럼 기획 | 운영계획 승인 로그 | 메일 제목: 커리큘럼 기획 운영계획 안내
교육,교육니즈분석,커리큘럼 기획,커리큘럼 기획 수료·성과 리포트 발행,training_report,LMS 수료데이터 적재 로그: 커리큘럼 기획 | 성과분석 배치 로그 | 메일 제목: 커리큘럼 기획 결과 공유
교육,교육과정설계,커리큘럼 기획,커리큘럼 기획 운영계획서 확정,plan_doc,LMS 과정/차수 생성 로그: 커리큘럼 기획 | 운영계획 승인 로그 | 메일 제목: 커리큘럼 기획 운영계획 안내
교육,교육과정설계,커리큘럼 기획,커리큘럼 기획 수료·성과 리포트 발행,training_report,LMS 수료데이터 적재 로그: 커리큘럼 기획 | 성과분석 배치 로그 | 메일 제목: 커리큘럼 기획 결과 공유
교육,교육과정설계,커리큘럼 확정,커리큘럼 확정 운영계획서 확정,plan_doc,LMS 과정/차수 생성 로그: 커리큘럼 확정 | 운영계획 승인 로그 | 메일 제목: 커리큘럼 확정 운영계획 안내
교육,교육과정설계,커리큘럼 확정,커리큘럼 확정 수료·성과 리포트 발행,training_report,LMS 수료데이터 적재 로그: 커리큘럼 확정 | 성과분석 배치 로그 | 메일 제목: 커리큘럼 확정 결과 공유
교육,교육과정설계,프로그램 운영방안 결정,프로그램 운영방안 결정 운영계획서 확정,plan_doc,LMS 과정/차수 생성 로그: 프로그램 운영방안 결정 | 운영계획 승인 로그 | 메일 제목: 프로그램 운영방안 결정 운영계획 안내
교육,교육과정설계,프로그램 운영방안 결정,프로그램 운영방안 결정 수료·성과 리포트 발행,training_report,LMS 수료데이터 적재 로그: 프로그램 운영방안 결정 | 성과분석 배치 로그 | 메일 제목: 프로그램 운영방안 결정 결과 공유
교육,교육과정설계,평가 도구 설계(KPI),평가 도구 설계(KPI) 운영계획서 확정,plan_doc,LMS 과정/차수 생성 로그: 평가 도구 설계(KPI) | 운영계획 승인 로그 | 메일 제목: 평가 도구 설계(KPI) 운영계획 안내
교육,교육과정설계,평가 도구 설계(KPI),평가 도구 설계(KPI) 수료·성과 리포트 발행,training_report,LMS 수료데이터 적재 로그: 평가 도구 설계(KPI) | 성과분석 배치 로그 | 메일 제목: 평가 도구 설계(KPI) 결과 공유
교육,교육과정설계,Pilot과정 운영,Pilot과정 운영 운영계획서 확정,plan_doc,LMS 과정/차수 생성 로그: Pilot과정 운영 | 운영계획 승인 로그 | 메일 제목: Pilot과정 운영 운영계획 안내
교육,교육과정설계,Pilot과정 운영,Pilot과정 운영 수료·성과 리포트 발행,training_report,LMS 수료데이터 적재 로그: Pilot과정 운영 | 성과분석 배치 로그 | 메일 제목: Pilot과정 운영 결과 공유
교육,컨텐츠 개발(외부),강사선정,강사선정 운영계획서 확정,plan_doc,LMS 과정/차수 생성 로그: 강사선정 | 운영계획 승인 로그 | 메일 제목: 강사선정 운영계획 안내
교육,컨텐츠 개발(외부),강사선정,강사선정 수료·성과 리포트 발행,training_report,LMS 수료데이터 적재 로그: 강사선정 | 성과분석 배치 로그 | 메일 제목: 강사선정 결과 공유
교육,컨텐츠 개발(외부),컨텐츠협의,컨텐츠협의 운영계획서 확정,plan_doc,LMS 과정/차수 생성 로그: 컨텐츠협의 | 운영계획 승인 로그 | 메일 제목: 컨텐츠협의 운영계획 안내
교육,컨텐츠 개발(외부),컨텐츠협의,컨텐츠협의 수료·성과 리포트 발행,training_report,LMS 수료데이터 적재 로그: 컨텐츠협의 | 성과분석 배치 로그 | 메일 제목: 컨텐츠협의 결과 공유
교육,컨텐츠 개발(외부),강사계약,강사계약 운영계획서 확정,plan_doc,LMS 과정/차수 생성 로그: 강사계약 | 운영계획 승인 로그 | 메일 제목: 강사계약 운영계획 안내
교육,컨텐츠 개발(외부),강사계약,강사계약 수료·성과 리포트 발행,training_report,LMS 수료데이터 적재 로그: 강사계약 | 성과분석 배치 로그 | 메일 제목: 강사계약 결과 공유
교육,컨텐츠 개발(외부),이러닝 콘텐츠 개발,이러닝 콘텐츠 개발 운영계획서 확정,plan_doc,LMS 과정/차수 생성 로그: 이러닝 콘텐츠 개발 | 운영계획 승인 로그 | 메일 제목: 이러닝 콘텐츠 개발 운영계획 안내
교육,컨텐츠 개발(외부),이러닝 콘텐츠 개발,이러닝 콘텐츠 개발 수료·성과 리포트 발행,training_report,LMS 수료데이터 적재 로그: 이러닝 콘텐츠 개발 | 성과분석 배치 로그 | 메일 제목: 이러닝 콘텐츠 개발 결과 공유
교육,컨텐츠 개발(외부),강의안 및 교보재 개발,강의안 및 교보재 개발 운영계획서 확정,plan_doc,LMS 과정/차수 생성 로그: 강의안 및 교보재 개발 | 운영계획 승인 로그 | 메일 제목: 강의안 및 교보재 개발 운영계획 안내
교육,컨텐츠 개발(외부),강의안 및 교보재 개발,강의안 및 교보재 개발 수료·성과 리포트 발행,training_report,LMS 수료데이터 적재 로그: 강의안 및 교보재 개발 | 성과분석 배치 로그 | 메일 제목: 강의안 및 교보재 개발 결과 공유
기획,주요 회의체 운영,전사 인사담당 임원회의,전사 인사담당 임원회의 회의록·자료집 발행,minutes_doc,그룹웨어 문서번호 생성: 전사 인사담당 임원회의 | 회의록 저장 로그 | 메일 제목: 전사 인사담당 임원회의 자료 공유
기획,주요 회의체 운영,전사 인사담당 임원회의,전사 인사담당 임원회의 계획안 확정,plan_doc,계획안 결재 승인 로그: 전사 인사담당 임원회의 | 버전 잠금 로그 | 주간/월간 추적 로그: 전사 인사담당 임원회의
기획,주요 회의체 운영,People팀장 사업부 정례미팅,People팀장 사업부 정례미팅 회의록·자료집 발행,minutes_doc,그룹웨어 문서번호 생성: People팀장 사업부 정례미팅 | 회의록 저장 로그 | 메일 제목: People팀장 사업부 정례미팅 자료 공유
기획,주요 회의체 운영,People팀장 사업부 정례미팅,People팀장 사업부 정례미팅 계획안 확정,plan_doc,계획안 결재 승인 로그: People팀장 사업부 정례미팅 | 버전 잠금 로그 | 주간/월간 추적 로그: People팀장 사업부 정례미팅
기획,전략 수립,전사 인사전략 워크샵,전사 인사전략 워크샵 회의록·자료집 발행,minutes_doc,그룹웨어 문서번호 생성: 전사 인사전략 워크샵 | 회의록 저장 로그 | 메일 제목: 전사 인사전략 워크샵 자료 공유
기획,전략 수립,전사 인사전략 워크샵,전사 인사전략 워크샵 계획안 확정,plan_doc,계획안 결재 승인 로그: 전사 인사전략 워크샵 | 버전 잠금 로그 | 주간/월간 추적 로그: 전사 인사전략 워크샵
기획,전략 수립,People팀 조직목표 수립,People팀 조직목표 수립 회의록·자료집 발행,minutes_doc,그룹웨어 문서번호 생성: People팀 조직목표 수립 | 회의록 저장 로그 | 메일 제목: People팀 조직목표 수립 자료 공유
기획,전략 수립,People팀 조직목표 수립,People팀 조직목표 수립 계획안 확정,plan_doc,계획안 결재 승인 로그: People팀 조직목표 수립 | 버전 잠금 로그 | 주간/월간 추적 로그: People팀 조직목표 수립
기획,전략 수립,인사전략 수립,인사전략 수립 회의록·자료집 발행,minutes_doc,그룹웨어 문서번호 생성: 인사전략 수립 | 회의록 저장 로그 | 메일 제목: 인사전략 수립 자료 공유
기획,전략 수립,인사전략 수립,인사전략 수립 계획안 확정,plan_doc,계획안 결재 승인 로그: 인사전략 수립 | 버전 잠금 로그 | 주간/월간 추적 로그: 인사전략 수립
기획,자료 작성,신임임원 등 경영진 교육자료 작성,신임임원 등 경영진 교육자료 작성 회의록·자료집 발행,minutes_doc,그룹웨어 문서번호 생성: 신임임원 등 경영진 교육자료 작성 | 회의록 저장 로그 | 메일 제목: 신임임원 등 경영진 교육자료 작성 자료 공유
기획,자료 작성,신임임원 등 경영진 교육자료 작성,신임임원 등 경영진 교육자료 작성 계획안 확정,plan_doc,계획안 결재 승인 로그: 신임임원 등 경영진 교육자료 작성 | 버전 잠금 로그 | 주간/월간 추적 로그: 신임임원 등 경영진 교육자료 작성
기획,자료 작성,주주총회 등 외부 행사 내 인사 관련 자료 작성,주주총회 등 외부 행사 내 인사 관련 자료 작성 회의록·자료집 발행,minutes_doc,그룹웨어 문서번호 생성: 주주총회 등 외부 행사 내 인사 관련 자료 작성 | 회의록 저장 로그 | 메일 제목: 주주총회 등 외부 행사 내 인사 관련 자료 작성 자료 공유
기획,자료 작성,주주총회 등 외부 행사 내 인사 관련 자료 작성,주주총회 등 외부 행사 내 인사 관련 자료 작성 계획안 확정,plan_doc,계획안 결재 승인 로그: 주주총회 등 외부 행사 내 인사 관련 자료 작성 | 버전 잠금 로그 | 주간/월간 추적 로그: 주주총회 등 외부 행사 내 인사 관련 자료 작성
기획,자료 작성,팀 연간 업무일정표 및 주요일정 작성,팀 연간 업무일정표 및 주요일정 작성 회의록·자료집 발행,minutes_doc,그룹웨어 문서번호 생성: 팀 연간 업무일정표 및 주요일정 작성 | 회의록 저장 로그 | 메일 제목: 팀 연간 업무일정표 및 주요일정 작성 자료 공유
기획,자료 작성,팀 연간 업무일정표 및 주요일정 작성,팀 연간 업무일정표 및 주요일정 작성 계획안 확정,plan_doc,계획안 결재 승인 로그: 팀 연간 업무일정표 및 주요일정 작성 | 버전 잠금 로그 | 주간/월간 추적 로그: 팀 연간 업무일정표 및 주요일정 작성
기획,자료 작성,간담회 등 인사현안/지표 자료 작성,간담회 등 인사현안·지표 자료 작성 회의록·자료집 발행,minutes_doc,그룹웨어 문서번호 생성: 간담회 등 인사현안·지표 자료 작성 | 회의록 저장 로그 | 메일 제목: 간담회 등 인사현안·지표 자료 작성 자료 공유
기획,자료 작성,간담회 등 인사현안/지표 자료 작성,간담회 등 인사현안·지표 자료 작성 계획안 확정,plan_doc,계획안 결재 승인 로그: 간담회 등 인사현안·지표 자료 작성 | 버전 잠금 로그 | 주간/월간 추적 로그: 간담회 등 인사현안·지표 자료 작성
기획,자료 작성,인사업무 지식 관리,인사업무 지식 관리 회의록·자료집 발행,minutes_doc,그룹웨어 문서번호 생성: 인사업무 지식 관리 | 회의록 저장 로그 | 메일 제목: 인사업무 지식 관리 자료 공유
기획,자료 작성,인사업무 지식 관리,인사업무 지식 관리 계획안 확정,plan_doc,계획안 결재 승인 로그: 인사업무 지식 관리 | 버전 잠금 로그 | 주간/월간 추적 로그: 인사업무 지식 관리
기획,자료 작성,People팀 조직 및 인력 현황 작성,People팀 조직 및 인력 현황 작성 회의록·자료집 발행,minutes_doc,그룹웨어 문서번호 생성: People팀 조직 및 인력 현황 작성 | 회의록 저장 로그 | 메일 제목: People팀 조직 및 인력 현황 작성 자료 공유
기획,자료 작성,People팀 조직 및 인력 현황 작성,People팀 조직 및 인력 현황 작성 계획안 확정,plan_doc,계획안 결재 승인 로그: People팀 조직 및 인력 현황 작성 | 버전 잠금 로그 | 주간/월간 추적 로그: People팀 조직 및 인력 현황 작성
기획,자료 작성,People팀 주간업무 작성,People팀 주간업무 작성 회의록·자료집 발행,minutes_doc,그룹웨어 문서번호 생성: People팀 주간업무 작성 | 회의록 저장 로그 | 메일 제목: People팀 주간업무 작성 자료 공유
기획,자료 작성,People팀 주간업무 작성,People팀 주간업무 작성 계획안 확정,plan_doc,계획안 결재 승인 로그: People팀 주간업무 작성 | 버전 잠금 로그 | 주간/월간 추적 로그: People팀 주간업무 작성
기획,People Analytics,데이터 분석,데이터 분석 회의록·자료집 발행,minutes_doc,그룹웨어 문서번호 생성: 데이터 분석 | 회의록 저장 로그 | 메일 제목: 데이터 분석 자료 공유
기획,People Analytics,데이터 분석,데이터 분석 계획안 확정,plan_doc,계획안 결재 승인 로그: 데이터 분석 | 버전 잠금 로그 | 주간/월간 추적 로그: 데이터 분석
기획,People Analytics,인사이트 발굴,인사이트 발굴 회의록·자료집 발행,minutes_doc,그룹웨어 문서번호 생성: 인사이트 발굴 | 회의록 저장 로그 | 메일 제목: 인사이트 발굴 자료 공유
기획,People Analytics,인사이트 발굴,인사이트 발굴 계획안 확정,plan_doc,계획안 결재 승인 로그: 인사이트 발굴 | 버전 잠금 로그 | 주간/월간 추적 로그: 인사이트 발굴
